path,label,class,source
ml\muffled_training\processed\non_distress\nd_000299.wav,non_distress,0,normal
ml\muffled_training\generated\muffled_distress\asvp_b416b6848e6a_medium.wav,muffled_distress,1,asvp_asvp_b416b6848e6a
ml\muffled_training\generated\muffled_distress\asvp_0242297ec458_extreme.wav,muffled_distress,1,asvp_asvp_0242297ec458
ml\muffled_training\generated\muffled_distress\scream_0015_light.wav,muffled_distress,1,scream_scream_0015
ml\muffled_training\processed\non_distress\nd_000706.wav,non_distress,0,noise
ml\muffled_training\generated\muffled_distress\asvp_2a8976228636_medium.wav,muffled_distress,1,asvp_asvp_2a8976228636
ml\muffled_training\processed\non_distress\nd_000497.wav,non_distress,0,noise
ml\muffled_training\generated\muffled_distress\asvp_65b02842e513_medium.wav,muffled_distress,1,asvp_asvp_65b02842e513
ml\muffled_training\processed\non_distress\nd_000553.wav,non_distress,0,noise
ml\muffled_training\generated\muffled_distress\asvp_3f7975ee5a04_medium.wav,muffled_distress,1,asvp_asvp_3f7975ee5a04
ml\muffled_training\generated\muffled_distress\asvp_24be040293a9_light.wav,muffled_distress,1,asvp_asvp_24be040293a9
ml\muffled_training\generated\muffled_distress\scream_0102_orig.wav,muffled_distress,1,scream_scream_0102
ml\muffled_training\generated\muffled_distress\asvp_f7d0ec19861a_light.wav,muffled_distress,1,asvp_asvp_f7d0ec19861a
ml\muffled_training\generated\muffled_distress\scream_0053_medium.wav,muffled_distress,1,scream_scream_0053
ml\muffled_training\processed\non_distress\nd_000225.wav,non_distress,0,normal
ml\muffled_training\processed\non_distress\nd_000308.wav,non_distress,0,help
ml\muffled_training\processed\non_distress\nd_000105.wav,non_distress,0,normal
ml\muffled_training\processed\non_distress\nd_000102.wav,non_distress,0,normal
ml\muffled_training\generated\muffled_distress\scream_0018_orig.wav,muffled_distress,1,scream_scream_0018
ml\muffled_training\processed\non_distress\nd_000251.wav,non_distress,0,normal
ml\muffled_training\generated\muffled_distress\cry_0041_medium.wav,muffled_distress,1,cry_cry_0041
ml\muffled_training\generated\muffled_distress\cry_0038_light.wav,muffled_distress,1,cry_cry_0038
ml\muffled_training\generated\muffled_distress\asvp_f4f80800ff70_light.wav,muffled_distress,1,asvp_asvp_f4f80800ff70
ml\muffled_training\generated\muffled_distress\scream_0080_extreme.wav,muffled_distress,1,scream_scream_0080
ml\muffled_training\generated\muffled_distress\asvp_f607441f9f02_orig.wav,muffled_distress,1,asvp_asvp_f607441f9f02
ml\muffled_training\generated\muffled_distress\asvp_d47125680168_medium.wav,muffled_distress,1,asvp_asvp_d47125680168
ml\muffled_training\generated\muffled_distress\asvp_38c3305caa67_medium.wav,muffled_distress,1,asvp_asvp_38c3305caa67
ml\muffled_training\generated\muffled_distress\cry_0004_heavy.wav,muffled_distress,1,cry_cry_0004
ml\muffled_training\generated\muffled_distress\asvp_877481535da6_medium.wav,muffled_distress,1,asvp_asvp_877481535da6
ml\muffled_training\generated\muffled_distress\cry_0007_extreme.wav,muffled_distress,1,cry_cry_0007
ml\muffled_training\generated\muffled_distress\asvp_83dcaa55f69c_light.wav,muffled_distress,1,asvp_asvp_83dcaa55f69c
ml\muffled_training\generated\muffled_distress\asvp_774aecf1a7fa_orig.wav,muffled_distress,1,asvp_asvp_774aecf1a7fa
ml\muffled_training\generated\muffled_distress\asvp_92b99b48c915_light.wav,muffled_distress,1,asvp_asvp_92b99b48c915
ml\muffled_training\generated\muffled_distress\cry_0018_extreme.wav,muffled_distress,1,cry_cry_0018
ml\muffled_training\processed\non_distress\nd_000748.wav,non_distress,0,bg
ml\muffled_training\generated\muffled_distress\asvp_7eda76ba89f5_medium.wav,muffled_distress,1,asvp_asvp_7eda76ba89f5
ml\muffled_training\generated\muffled_distress\asvp_e6fb9344dc56_medium.wav,muffled_distress,1,asvp_asvp_e6fb9344dc56
ml\muffled_training\generated\muffled_distress\asvp_ff19d56083cd_medium.wav,muffled_distress,1,asvp_asvp_ff19d56083cd
ml\muffled_training\processed\non_distress\nd_000679.wav,non_distress,0,noise
ml\muffled_training\generated\muffled_distress\asvp_3fc0bf468aed_orig.wav,muffled_distress,1,asvp_asvp_3fc0bf468aed
ml\muffled_training\generated\muffled_distress\asvp_5b2dc839d471_light.wav,muffled_distress,1,asvp_asvp_5b2dc839d471
ml\muffled_training\generated\muffled_distress\scream_0059_extreme.wav,muffled_distress,1,scream_scream_0059
ml\muffled_training\generated\muffled_distress\asvp_032fd908d340_orig.wav,muffled_distress,1,asvp_asvp_032fd908d340
ml\muffled_training\processed\non_distress\nd_000025.wav,non_distress,0,normal
ml\muffled_training\generated\muffled_distress\asvp_2aa9a4591d5b_orig.wav,muffled_distress,1,asvp_asvp_2aa9a4591d5b
ml\muffled_training\generated\muffled_distress\scream_0085_medium.wav,muffled_distress,1,scream_scream_0085
ml\muffled_training\generated\muffled_distress\asvp_032fd93abfb5_medium.wav,muffled_distress,1,asvp_asvp_032fd93abfb5
ml\muffled_training\generated\muffled_distress\scream_0029_light.wav,muffled_distress,1,scream_scream_0029
ml\muffled_training\generated\muffled_distress\cry_0110_medium.wav,muffled_distress,1,cry_cry_0110
ml\muffled_training\generated\muffled_distress\asvp_390996f298d2_light.wav,muffled_distress,1,asvp_asvp_390996f298d2
ml\muffled_training\processed\non_distress\nd_000714.wav,non_distress,0,noise
ml\muffled_training\generated\muffled_distress\scream_0069_orig.wav,muffled_distress,1,scream_scream_0069
ml\muffled_training\processed\non_distress\nd_000719.wav,non_distress,0,noise
ml\muffled_training\generated\muffled_distress\asvp_f27d9bdd127e_extreme.wav,muffled_distress,1,asvp_asvp_f27d9bdd127e
ml\muffled_training\generated\muffled_distress\asvp_1aad6415d4a6_extreme.wav,muffled_distress,1,asvp_asvp_1aad6415d4a6
ml\muffled_training\processed\non_distress\nd_000487.wav,non_distress,0,noise
ml\muffled_training\generated\muffled_distress\asvp_16569995f3ee_heavy.wav,muffled_distress,1,asvp_asvp_16569995f3ee
ml\muffled_training\processed\non_distress\nd_000016.wav,non_distress,0,normal
ml\muffled_training\processed\non_distress\nd_000637.wav,non_distress,0,noise
ml\muffled_training\processed\non_distress\nd_000355.wav,non_distress,0,help
ml\muffled_training\processed\non_distress\nd_000557.wav,non_distress,0,noise
ml\muffled_training\processed\non_distress\nd_000707.wav,non_distress,0,noise
ml\muffled_training\generated\muffled_distress\asvp_8d476f1b979d_heavy.wav,muffled_distress,1,asvp_asvp_8d476f1b979d
ml\muffled_training\generated\muffled_distress\asvp_0083b8a24299_orig.wav,muffled_distress,1,asvp_asvp_0083b8a24299
ml\muffled_training\generated\muffled_distress\asvp_db482fbb7ff4_medium.wav,muffled_distress,1,asvp_asvp_db482fbb7ff4
ml\muffled_training\processed\non_distress\nd_000694.wav,non_distress,0,noise
ml\muffled_training\generated\muffled_distress\scream_0001_heavy.wav,muffled_distress,1,scream_scream_0001
ml\muffled_training\generated\muffled_distress\scream_0000_orig.wav,muffled_distress,1,scream_scream_0000
ml\muffled_training\generated\muffled_distress\cry_0094_orig.wav,muffled_distress,1,cry_cry_0094
ml\muffled_training\generated\muffled_distress\cry_0001_light.wav,muffled_distress,1,cry_cry_0001
ml\muffled_training\processed\non_distress\nd_000208.wav,non_distress,0,normal
ml\muffled_training\processed\non_distress\nd_000528.wav,non_distress,0,noise
ml\muffled_training\generated\muffled_distress\cry_0106_medium.wav,muffled_distress,1,cry_cry_0106
ml\muffled_training\generated\muffled_distress\asvp_57dd178db73a_extreme.wav,muffled_distress,1,asvp_asvp_57dd178db73a
ml\muffled_training\processed\non_distress\nd_000261.wav,non_distress,0,normal
ml\muffled_training\generated\muffled_distress\asvp_36f2529e777c_light.wav,muffled_distress,1,asvp_asvp_36f2529e777c
ml\muffled_training\processed\non_distress\nd_000589.wav,non_distress,0,noise
ml\muffled_training\processed\non_distress\nd_000302.wav,non_distress,0,help
ml\muffled_training\generated\muffled_distress\asvp_9459e92d2dc6_heavy.wav,muffled_distress,1,asvp_asvp_9459e92d2dc6
ml\muffled_training\generated\muffled_distress\asvp_7e9028e938ad_light.wav,muffled_distress,1,asvp_asvp_7e9028e938ad
ml\muffled_training\generated\muffled_distress\cry_0047_orig.wav,muffled_distress,1,cry_cry_0047
ml\muffled_training\processed\non_distress\nd_000538.wav,non_distress,0,noise
ml\muffled_training\generated\muffled_distress\asvp_f84033d75eb8_extreme.wav,muffled_distress,1,asvp_asvp_f84033d75eb8
ml\muffled_training\processed\non_distress\nd_000813.wav,non_distress,0,bg
ml\muffled_training\generated\muffled_distress\asvp_0423374011bc_light.wav,muffled_distress,1,asvp_asvp_0423374011bc
ml\muffled_training\generated\muffled_distress\asvp_16569995f3ee_orig.wav,muffled_distress,1,asvp_asvp_16569995f3ee
ml\muffled_training\processed\non_distress\nd_000194.wav,non_distress,0,normal
ml\muffled_training\generated\muffled_distress\asvp_7971aade5a78_heavy.wav,muffled_distress,1,asvp_asvp_7971aade5a78
ml\muffled_training\processed\non_distress\nd_000075.wav,non_distress,0,normal
ml\muffled_training\generated\muffled_distress\scream_0036_extreme.wav,muffled_distress,1,scream_scream_0036
ml\muffled_training\generated\muffled_distress\asvp_3cb19f97320b_heavy.wav,muffled_distress,1,asvp_asvp_3cb19f97320b
ml\muffled_training\generated\muffled_distress\asvp_ef46ec1a958b_light.wav,muffled_distress,1,asvp_asvp_ef46ec1a958b
ml\muffled_training\generated\muffled_distress\asvp_5ef2fbfeb24b_heavy.wav,muffled_distress,1,asvp_asvp_5ef2fbfeb24b
ml\muffled_training\processed\non_distress\nd_000176.wav,non_distress,0,normal
ml\muffled_training\processed\non_distress\nd_000222.wav,non_distress,0,normal
ml\muffled_training\generated\muffled_distress\scream_0017_light.wav,muffled_distress,1,scream_scream_0017
ml\muffled_training\generated\muffled_distress\asvp_f607441f9f02_light.wav,muffled_distress,1,asvp_asvp_f607441f9f02
ml\muffled_training\processed\non_distress\nd_000758.wav,non_distress,0,bg
ml\muffled_training\processed\non_distress\nd_000061.wav,non_distress,0,normal
ml\muffled_training\generated\muffled_distress\cry_0044_heavy.wav,muffled_distress,1,cry_cry_0044
ml\muffled_training\generated\muffled_distress\scream_0057_medium.wav,muffled_distress,1,scream_scream_0057
ml\muffled_training\generated\muffled_distress\cry_0068_light.wav,muffled_distress,1,cry_cry_0068
ml\muffled_training\generated\muffled_distress\scream_0105_extreme.wav,muffled_distress,1,scream_scream_0105
ml\muffled_training\generated\muffled_distress\asvp_8774f2cd5ed4_orig.wav,muffled_distress,1,asvp_asvp_8774f2cd5ed4
ml\muffled_training\generated\muffled_distress\scream_0118_orig.wav,muffled_distress,1,scream_scream_0118
ml\muffled_training\generated\muffled_distress\asvp_4265cbd3d0a7_extreme.wav,muffled_distress,1,asvp_asvp_4265cbd3d0a7
ml\muffled_training\generated\muffled_distress\asvp_d64df450d4c6_orig.wav,muffled_distress,1,asvp_asvp_d64df450d4c6
ml\muffled_training\processed\non_distress\nd_000419.wav,non_distress,0,help
ml\muffled_training\generated\muffled_distress\scream_0046_orig.wav,muffled_distress,1,scream_scream_0046
ml\muffled_training\generated\muffled_distress\asvp_3498a227e3e8_extreme.wav,muffled_distress,1,asvp_asvp_3498a227e3e8
ml\muffled_training\processed\non_distress\nd_000708.wav,non_distress,0,noise
ml\muffled_training\processed\non_distress\nd_000207.wav,non_distress,0,normal
ml\muffled_training\processed\non_distress\nd_000182.wav,non_distress,0,normal
ml\muffled_training\generated\muffled_distress\cry_0075_heavy.wav,muffled_distress,1,cry_cry_0075
ml\muffled_training\generated\muffled_distress\asvp_f3bd877120d2_extreme.wav,muffled_distress,1,asvp_asvp_f3bd877120d2
ml\muffled_training\generated\muffled_distress\cry_0112_light.wav,muffled_distress,1,cry_cry_0112
ml\muffled_training\generated\muffled_distress\asvp_4028cbc3033c_medium.wav,muffled_distress,1,asvp_asvp_4028cbc3033c
ml\muffled_training\processed\non_distress\nd_000366.wav,non_distress,0,help
ml\muffled_training\generated\muffled_distress\asvp_882130f0834c_extreme.wav,muffled_distress,1,asvp_asvp_882130f0834c
ml\muffled_training\generated\muffled_distress\cry_0002_extreme.wav,muffled_distress,1,cry_cry_0002
ml\muffled_training\processed\non_distress\nd_000168.wav,non_distress,0,normal
ml\muffled_training\processed\non_distress\nd_000080.wav,non_distress,0,normal
ml\muffled_training\generated\muffled_distress\cry_0105_medium.wav,muffled_distress,1,cry_cry_0105
ml\muffled_training\generated\muffled_distress\scream_0014_light.wav,muffled_distress,1,scream_scream_0014
ml\muffled_training\generated\muffled_distress\cry_0001_heavy.wav,muffled_distress,1,cry_cry_0001
ml\muffled_training\generated\muffled_distress\scream_0003_heavy.wav,muffled_distress,1,scream_scream_0003
ml\muffled_training\generated\muffled_distress\asvp_8336afe649ca_extreme.wav,muffled_distress,1,asvp_asvp_8336afe649ca
ml\muffled_training\generated\muffled_distress\asvp_de13e2b65089_heavy.wav,muffled_distress,1,asvp_asvp_de13e2b65089
ml\muffled_training\processed\non_distress\nd_000558.wav,non_distress,0,noise
ml\muffled_training\processed\non_distress\nd_000642.wav,non_distress,0,noise
ml\muffled_training\generated\muffled_distress\asvp_5eba63d9b11e_medium.wav,muffled_distress,1,asvp_asvp_5eba63d9b11e
ml\muffled_training\generated\muffled_distress\asvp_b22d7819ec53_medium.wav,muffled_distress,1,asvp_asvp_b22d7819ec53
ml\muffled_training\generated\muffled_distress\cry_0003_heavy.wav,muffled_distress,1,cry_cry_0003
ml\muffled_training\generated\muffled_distress\asvp_456601d8ddae_heavy.wav,muffled_distress,1,asvp_asvp_456601d8ddae
ml\muffled_training\generated\muffled_distress\scream_0079_light.wav,muffled_distress,1,scream_scream_0079
ml\muffled_training\processed\non_distress\nd_000378.wav,non_distress,0,help
ml\muffled_training\generated\muffled_distress\cry_0029_medium.wav,muffled_distress,1,cry_cry_0029
ml\muffled_training\generated\muffled_distress\asvp_95ce5950fc42_orig.wav,muffled_distress,1,asvp_asvp_95ce5950fc42
ml\muffled_training\processed\non_distress\nd_000803.wav,non_distress,0,bg
ml\muffled_training\processed\non_distress\nd_000673.wav,non_distress,0,noise
ml\muffled_training\generated\muffled_distress\cry_0064_orig.wav,muffled_distress,1,cry_cry_0064
ml\muffled_training\generated\muffled_distress\asvp_6cc9a37de44d_heavy.wav,muffled_distress,1,asvp_asvp_6cc9a37de44d
ml\muffled_training\generated\muffled_distress\cry_0097_medium.wav,muffled_distress,1,cry_cry_0097
ml\muffled_training\generated\muffled_distress\scream_0111_extreme.wav,muffled_distress,1,scream_scream_0111
ml\muffled_training\processed\non_distress\nd_000405.wav,non_distress,0,help
ml\muffled_training\generated\muffled_distress\asvp_d3d608f0de34_orig.wav,muffled_distress,1,asvp_asvp_d3d608f0de34
ml\muffled_training\generated\muffled_distress\scream_0000_light.wav,muffled_distress,1,scream_scream_0000
ml\muffled_training\generated\muffled_distress\scream_0100_extreme.wav,muffled_distress,1,scream_scream_0100
ml\muffled_training\generated\muffled_distress\scream_0055_light.wav,muffled_distress,1,scream_scream_0055
ml\muffled_training\generated\muffled_distress\cry_0102_medium.wav,muffled_distress,1,cry_cry_0102
ml\muffled_training\generated\muffled_distress\asvp_032fd93abfb5_heavy.wav,muffled_distress,1,asvp_asvp_032fd93abfb5
ml\muffled_training\generated\muffled_distress\asvp_2a8976228636_orig.wav,muffled_distress,1,asvp_asvp_2a8976228636
ml\muffled_training\processed\non_distress\nd_000738.wav,non_distress,0,bg
ml\muffled_training\generated\muffled_distress\cry_0049_extreme.wav,muffled_distress,1,cry_cry_0049
ml\muffled_training\generated\muffled_distress\asvp_b92a7b9f4d1b_orig.wav,muffled_distress,1,asvp_asvp_b92a7b9f4d1b
ml\muffled_training\generated\muffled_distress\asvp_f6d107e3135d_light.wav,muffled_distress,1,asvp_asvp_f6d107e3135d
ml\muffled_training\generated\muffled_distress\cry_0072_orig.wav,muffled_distress,1,cry_cry_0072
ml\muffled_training\generated\muffled_distress\asvp_a34f599c7792_heavy.wav,muffled_distress,1,asvp_asvp_a34f599c7792
ml\muffled_training\generated\muffled_distress\cry_0070_orig.wav,muffled_distress,1,cry_cry_0070
ml\muffled_training\generated\muffled_distress\asvp_637fcb50ea62_medium.wav,muffled_distress,1,asvp_asvp_637fcb50ea62
ml\muffled_training\generated\muffled_distress\cry_0065_medium.wav,muffled_distress,1,cry_cry_0065
ml\muffled_training\processed\non_distress\nd_000494.wav,non_distress,0,noise
ml\muffled_training\generated\muffled_distress\scream_0071_heavy.wav,muffled_distress,1,scream_scream_0071
ml\muffled_training\generated\muffled_distress\asvp_8da45c03dd8c_medium.wav,muffled_distress,1,asvp_asvp_8da45c03dd8c
ml\muffled_training\generated\muffled_distress\asvp_010c885e38fb_medium.wav,muffled_distress,1,asvp_asvp_010c885e38fb
ml\muffled_training\generated\muffled_distress\asvp_159d766bc72f_extreme.wav,muffled_distress,1,asvp_asvp_159d766bc72f
ml\muffled_training\generated\muffled_distress\scream_0117_orig.wav,muffled_distress,1,scream_scream_0117
ml\muffled_training\generated\muffled_distress\asvp_9d40a915ca1e_extreme.wav,muffled_distress,1,asvp_asvp_9d40a915ca1e
ml\muffled_training\processed\non_distress\nd_000488.wav,non_distress,0,noise
ml\muffled_training\processed\non_distress\nd_000750.wav,non_distress,0,bg
ml\muffled_training\generated\muffled_distress\scream_0096_heavy.wav,muffled_distress,1,scream_scream_0096
ml\muffled_training\generated\muffled_distress\asvp_e2d5002dbd44_medium.wav,muffled_distress,1,asvp_asvp_e2d5002dbd44
ml\muffled_training\generated\muffled_distress\asvp_cc51eba53500_extreme.wav,muffled_distress,1,asvp_asvp_cc51eba53500
ml\muffled_training\generated\muffled_distress\scream_0072_medium.wav,muffled_distress,1,scream_scream_0072
ml\muffled_training\generated\muffled_distress\scream_0005_light.wav,muffled_distress,1,scream_scream_0005
ml\muffled_training\generated\muffled_distress\cry_0081_light.wav,muffled_distress,1,cry_cry_0081
ml\muffled_training\generated\muffled_distress\asvp_e7109cf564e4_medium.wav,muffled_distress,1,asvp_asvp_e7109cf564e4
ml\muffled_training\processed\non_distress\nd_000304.wav,non_distress,0,help
ml\muffled_training\processed\non_distress\nd_000562.wav,non_distress,0,noise
ml\muffled_training\generated\muffled_distress\asvp_d49598d7bf99_medium.wav,muffled_distress,1,asvp_asvp_d49598d7bf99
ml\muffled_training\generated\muffled_distress\scream_0062_medium.wav,muffled_distress,1,scream_scream_0062
ml\muffled_training\generated\muffled_distress\cry_0114_light.wav,muffled_distress,1,cry_cry_0114
ml\muffled_training\generated\muffled_distress\asvp_0bb04b696483_light.wav,muffled_distress,1,asvp_asvp_0bb04b696483
ml\muffled_training\generated\muffled_distress\scream_0077_orig.wav,muffled_distress,1,scream_scream_0077
ml\muffled_training\processed\non_distress\nd_000294.wav,non_distress,0,normal
ml\muffled_training\generated\muffled_distress\scream_0101_light.wav,muffled_distress,1,scream_scream_0101
ml\muffled_training\processed\non_distress\nd_000388.wav,non_distress,0,help
ml\muffled_training\generated\muffled_distress\asvp_34b754b7d572_light.wav,muffled_distress,1,asvp_asvp_34b754b7d572
ml\muffled_training\processed\non_distress\nd_000788.wav,non_distress,0,bg
ml\muffled_training\generated\muffled_distress\asvp_08f4d5f0fd39_heavy.wav,muffled_distress,1,asvp_asvp_08f4d5f0fd39
ml\muffled_training\generated\muffled_distress\asvp_9b7a43714ebd_orig.wav,muffled_distress,1,asvp_asvp_9b7a43714ebd
ml\muffled_training\generated\muffled_distress\asvp_4e497d4ee524_heavy.wav,muffled_distress,1,asvp_asvp_4e497d4ee524
ml\muffled_training\generated\muffled_distress\asvp_28e74957da00_medium.wav,muffled_distress,1,asvp_asvp_28e74957da00
ml\muffled_training\generated\muffled_distress\cry_0112_medium.wav,muffled_distress,1,cry_cry_0112
ml\muffled_training\generated\muffled_distress\asvp_193efc4cf450_orig.wav,muffled_distress,1,asvp_asvp_193efc4cf450
ml\muffled_training\generated\muffled_distress\asvp_4ff6f8201a41_orig.wav,muffled_distress,1,asvp_asvp_4ff6f8201a41
ml\muffled_training\generated\muffled_distress\cry_0019_light.wav,muffled_distress,1,cry_cry_0019
ml\muffled_training\generated\muffled_distress\asvp_cf2e053e4479_orig.wav,muffled_distress,1,asvp_asvp_cf2e053e4479
ml\muffled_training\processed\non_distress\nd_000346.wav,non_distress,0,help
ml\muffled_training\processed\non_distress\nd_000090.wav,non_distress,0,normal
ml\muffled_training\processed\non_distress\nd_000816.wav,non_distress,0,bg
ml\muffled_training\generated\muffled_distress\cry_0035_light.wav,muffled_distress,1,cry_cry_0035
ml\muffled_training\generated\muffled_distress\asvp_69d6c1e43068_orig.wav,muffled_distress,1,asvp_asvp_69d6c1e43068
ml\muffled_training\generated\muffled_distress\asvp_3d5ad55a0d2d_light.wav,muffled_distress,1,asvp_asvp_3d5ad55a0d2d
ml\muffled_training\generated\muffled_distress\asvp_282fd566ba05_heavy.wav,muffled_distress,1,asvp_asvp_282fd566ba05
ml\muffled_training\processed\non_distress\nd_000833.wav,non_distress,0,bg
ml\muffled_training\generated\muffled_distress\asvp_341734340689_medium.wav,muffled_distress,1,asvp_asvp_341734340689
ml\muffled_training\generated\muffled_distress\asvp_86de3b53acef_medium.wav,muffled_distress,1,asvp_asvp_86de3b53acef
ml\muffled_training\generated\muffled_distress\asvp_0464c44c8a40_light.wav,muffled_distress,1,asvp_asvp_0464c44c8a40
ml\muffled_training\generated\muffled_distress\scream_0006_heavy.wav,muffled_distress,1,scream_scream_0006
ml\muffled_training\processed\non_distress\nd_000807.wav,non_distress,0,bg
ml\muffled_training\generated\muffled_distress\asvp_6f3990c53f7b_extreme.wav,muffled_distress,1,asvp_asvp_6f3990c53f7b
ml\muffled_training\processed\non_distress\nd_000592.wav,non_distress,0,noise
ml\muffled_training\generated\muffled_distress\cry_0028_extreme.wav,muffled_distress,1,cry_cry_0028
ml\muffled_training\generated\muffled_distress\cry_0057_extreme.wav,muffled_distress,1,cry_cry_0057
ml\muffled_training\processed\non_distress\nd_000237.wav,non_distress,0,normal
ml\muffled_training\generated\muffled_distress\asvp_80b64f205e1b_heavy.wav,muffled_distress,1,asvp_asvp_80b64f205e1b
ml\muffled_training\generated\muffled_distress\cry_0082_light.wav,muffled_distress,1,cry_cry_0082
ml\muffled_training\generated\muffled_distress\cry_0099_orig.wav,muffled_distress,1,cry_cry_0099
ml\muffled_training\generated\muffled_distress\asvp_032fd908d340_light.wav,muffled_distress,1,asvp_asvp_032fd908d340
ml\muffled_training\processed\non_distress\nd_000700.wav,non_distress,0,noise
ml\muffled_training\processed\non_distress\nd_000148.wav,non_distress,0,normal
ml\muffled_training\generated\muffled_distress\asvp_92b99b48c915_extreme.wav,muffled_distress,1,asvp_asvp_92b99b48c915
ml\muffled_training\generated\muffled_distress\scream_0109_extreme.wav,muffled_distress,1,scream_scream_0109
ml\muffled_training\processed\non_distress\nd_000198.wav,non_distress,0,normal
ml\muffled_training\processed\non_distress\nd_000519.wav,non_distress,0,noise
ml\muffled_training\generated\muffled_distress\asvp_8d3a699fcb68_heavy.wav,muffled_distress,1,asvp_asvp_8d3a699fcb68
ml\muffled_training\generated\muffled_distress\asvp_d289b542d310_light.wav,muffled_distress,1,asvp_asvp_d289b542d310
ml\muffled_training\processed\non_distress\nd_000445.wav,non_distress,0,noise
ml\muffled_training\generated\muffled_distress\asvp_62cddd63f8df_orig.wav,muffled_distress,1,asvp_asvp_62cddd63f8df
ml\muffled_training\generated\muffled_distress\asvp_a297a55765be_orig.wav,muffled_distress,1,asvp_asvp_a297a55765be
ml\muffled_training\generated\muffled_distress\asvp_89948f269659_light.wav,muffled_distress,1,asvp_asvp_89948f269659
ml\muffled_training\generated\muffled_distress\cry_0042_light.wav,muffled_distress,1,cry_cry_0042
ml\muffled_training\generated\muffled_distress\asvp_f607441f9f02_heavy.wav,muffled_distress,1,asvp_asvp_f607441f9f02
ml\muffled_training\generated\muffled_distress\scream_0085_heavy.wav,muffled_distress,1,scream_scream_0085
ml\muffled_training\generated\muffled_distress\asvp_c9361439dcbd_extreme.wav,muffled_distress,1,asvp_asvp_c9361439dcbd
ml\muffled_training\generated\muffled_distress\cry_0000_medium.wav,muffled_distress,1,cry_cry_0000
ml\muffled_training\generated\muffled_distress\cry_0066_light.wav,muffled_distress,1,cry_cry_0066
ml\muffled_training\generated\muffled_distress\cry_0021_extreme.wav,muffled_distress,1,cry_cry_0021
ml\muffled_training\generated\muffled_distress\cry_0059_medium.wav,muffled_distress,1,cry_cry_0059
ml\muffled_training\processed\non_distress\nd_000648.wav,non_distress,0,noise
ml\muffled_training\generated\muffled_distress\asvp_8da45c03dd8c_orig.wav,muffled_distress,1,asvp_asvp_8da45c03dd8c
ml\muffled_training\generated\muffled_distress\asvp_138714588cda_orig.wav,muffled_distress,1,asvp_asvp_138714588cda
ml\muffled_training\processed\non_distress\nd_000231.wav,non_distress,0,normal
ml\muffled_training\generated\muffled_distress\scream_0028_medium.wav,muffled_distress,1,scream_scream_0028
ml\muffled_training\processed\non_distress\nd_000365.wav,non_distress,0,help
ml\muffled_training\processed\non_distress\nd_000571.wav,non_distress,0,noise
ml\muffled_training\processed\non_distress\nd_000238.wav,non_distress,0,normal
ml\muffled_training\generated\muffled_distress\asvp_3cb19f97320b_light.wav,muffled_distress,1,asvp_asvp_3cb19f97320b
ml\muffled_training\generated\muffled_distress\cry_0035_heavy.wav,muffled_distress,1,cry_cry_0035
ml\muffled_training\processed\non_distress\nd_000479.wav,non_distress,0,noise
ml\muffled_training\generated\muffled_distress\scream_0002_heavy.wav,muffled_distress,1,scream_scream_0002
ml\muffled_training\generated\muffled_distress\asvp_b51b86c56255_medium.wav,muffled_distress,1,asvp_asvp_b51b86c56255
ml\muffled_training\processed\non_distress\nd_000671.wav,non_distress,0,noise
ml\muffled_training\generated\muffled_distress\cry_0057_heavy.wav,muffled_distress,1,cry_cry_0057
ml\muffled_training\processed\non_distress\nd_000536.wav,non_distress,0,noise
ml\muffled_training\generated\muffled_distress\asvp_f723bedb398d_light.wav,muffled_distress,1,asvp_asvp_f723bedb398d
ml\muffled_training\generated\muffled_distress\asvp_159d766bc72f_medium.wav,muffled_distress,1,asvp_asvp_159d766bc72f
ml\muffled_training\generated\muffled_distress\cry_0115_orig.wav,muffled_distress,1,cry_cry_0115
ml\muffled_training\generated\muffled_distress\cry_0017_heavy.wav,muffled_distress,1,cry_cry_0017
ml\muffled_training\generated\muffled_distress\asvp_9b7a43714ebd_heavy.wav,muffled_distress,1,asvp_asvp_9b7a43714ebd
ml\muffled_training\processed\non_distress\nd_000584.wav,non_distress,0,noise
ml\muffled_training\generated\muffled_distress\scream_0095_heavy.wav,muffled_distress,1,scream_scream_0095
ml\muffled_training\generated\muffled_distress\asvp_79b2de7625c7_extreme.wav,muffled_distress,1,asvp_asvp_79b2de7625c7
ml\muffled_training\generated\muffled_distress\cry_0103_heavy.wav,muffled_distress,1,cry_cry_0103
ml\muffled_training\generated\muffled_distress\scream_0100_light.wav,muffled_distress,1,scream_scream_0100
ml\muffled_training\generated\muffled_distress\asvp_427838713803_light.wav,muffled_distress,1,asvp_asvp_427838713803
ml\muffled_training\processed\non_distress\nd_000535.wav,non_distress,0,noise
ml\muffled_training\generated\muffled_distress\cry_0079_orig.wav,muffled_distress,1,cry_cry_0079
ml\muffled_training\generated\muffled_distress\cry_0004_orig.wav,muffled_distress,1,cry_cry_0004
ml\muffled_training\generated\muffled_distress\scream_0023_heavy.wav,muffled_distress,1,scream_scream_0023
ml\muffled_training\generated\muffled_distress\cry_0111_heavy.wav,muffled_distress,1,cry_cry_0111
ml\muffled_training\generated\muffled_distress\cry_0047_extreme.wav,muffled_distress,1,cry_cry_0047
ml\muffled_training\generated\muffled_distress\asvp_252fd76f0f31_heavy.wav,muffled_distress,1,asvp_asvp_252fd76f0f31
ml\muffled_training\generated\muffled_distress\asvp_7ff5622f9e72_light.wav,muffled_distress,1,asvp_asvp_7ff5622f9e72
ml\muffled_training\generated\muffled_distress\asvp_0b2757e10f76_light.wav,muffled_distress,1,asvp_asvp_0b2757e10f76
ml\muffled_training\generated\muffled_distress\cry_0082_heavy.wav,muffled_distress,1,cry_cry_0082
ml\muffled_training\processed\non_distress\nd_000616.wav,non_distress,0,noise
ml\muffled_training\generated\muffled_distress\asvp_5eba63d9b11e_heavy.wav,muffled_distress,1,asvp_asvp_5eba63d9b11e
ml\muffled_training\generated\muffled_distress\asvp_5de950ccf7ed_light.wav,muffled_distress,1,asvp_asvp_5de950ccf7ed
ml\muffled_training\generated\muffled_distress\asvp_3b31bed25dbb_medium.wav,muffled_distress,1,asvp_asvp_3b31bed25dbb
ml\muffled_training\processed\non_distress\nd_000484.wav,non_distress,0,noise
ml\muffled_training\generated\muffled_distress\scream_0097_orig.wav,muffled_distress,1,scream_scream_0097
ml\muffled_training\generated\muffled_distress\asvp_5f5d2e1439a0_heavy.wav,muffled_distress,1,asvp_asvp_5f5d2e1439a0
ml\muffled_training\generated\muffled_distress\asvp_8da45c03dd8c_heavy.wav,muffled_distress,1,asvp_asvp_8da45c03dd8c
ml\muffled_training\generated\muffled_distress\cry_0077_medium.wav,muffled_distress,1,cry_cry_0077
ml\muffled_training\generated\muffled_distress\cry_0021_medium.wav,muffled_distress,1,cry_cry_0021
ml\muffled_training\processed\non_distress\nd_000249.wav,non_distress,0,normal
ml\muffled_training\processed\non_distress\nd_000520.wav,non_distress,0,noise
ml\muffled_training\processed\non_distress\nd_000078.wav,non_distress,0,normal
ml\muffled_training\generated\muffled_distress\asvp_9b316aab3d66_extreme.wav,muffled_distress,1,asvp_asvp_9b316aab3d66
ml\muffled_training\processed\non_distress\nd_000157.wav,non_distress,0,normal
ml\muffled_training\generated\muffled_distress\scream_0049_medium.wav,muffled_distress,1,scream_scream_0049
ml\muffled_training\generated\muffled_distress\scream_0061_light.wav,muffled_distress,1,scream_scream_0061
ml\muffled_training\generated\muffled_distress\scream_0011_light.wav,muffled_distress,1,scream_scream_0011
ml\muffled_training\generated\muffled_distress\scream_0074_heavy.wav,muffled_distress,1,scream_scream_0074
ml\muffled_training\generated\muffled_distress\scream_0109_heavy.wav,muffled_distress,1,scream_scream_0109
ml\muffled_training\generated\muffled_distress\asvp_c9361439dcbd_light.wav,muffled_distress,1,asvp_asvp_c9361439dcbd
ml\muffled_training\generated\muffled_distress\cry_0089_extreme.wav,muffled_distress,1,cry_cry_0089
ml\muffled_training\generated\muffled_distress\scream_0053_extreme.wav,muffled_distress,1,scream_scream_0053
ml\muffled_training\generated\muffled_distress\asvp_08f4d5f0fd39_medium.wav,muffled_distress,1,asvp_asvp_08f4d5f0fd39
ml\muffled_training\generated\muffled_distress\asvp_79b2de7625c7_medium.wav,muffled_distress,1,asvp_asvp_79b2de7625c7
ml\muffled_training\generated\muffled_distress\scream_0002_orig.wav,muffled_distress,1,scream_scream_0002
ml\muffled_training\processed\non_distress\nd_000141.wav,non_distress,0,normal
ml\muffled_training\generated\muffled_distress\cry_0030_extreme.wav,muffled_distress,1,cry_cry_0030
ml\muffled_training\generated\muffled_distress\cry_0011_medium.wav,muffled_distress,1,cry_cry_0011
ml\muffled_training\generated\muffled_distress\asvp_89948f269659_heavy.wav,muffled_distress,1,asvp_asvp_89948f269659
ml\muffled_training\generated\muffled_distress\cry_0001_medium.wav,muffled_distress,1,cry_cry_0001
ml\muffled_training\generated\muffled_distress\asvp_ea298fb46eee_light.wav,muffled_distress,1,asvp_asvp_ea298fb46eee
ml\muffled_training\generated\muffled_distress\asvp_6cc9a37de44d_medium.wav,muffled_distress,1,asvp_asvp_6cc9a37de44d
ml\muffled_training\generated\muffled_distress\asvp_e1161667d007_medium.wav,muffled_distress,1,asvp_asvp_e1161667d007
ml\muffled_training\processed\non_distress\nd_000691.wav,non_distress,0,noise
ml\muffled_training\generated\muffled_distress\asvp_5789ddc09889_light.wav,muffled_distress,1,asvp_asvp_5789ddc09889
ml\muffled_training\generated\muffled_distress\asvp_688703a6996a_orig.wav,muffled_distress,1,asvp_asvp_688703a6996a
ml\muffled_training\generated\muffled_distress\asvp_dfbc8c7091f0_medium.wav,muffled_distress,1,asvp_asvp_dfbc8c7091f0
ml\muffled_training\generated\muffled_distress\asvp_f3bd877120d2_orig.wav,muffled_distress,1,asvp_asvp_f3bd877120d2
ml\muffled_training\generated\muffled_distress\asvp_59d18183824d_orig.wav,muffled_distress,1,asvp_asvp_59d18183824d
ml\muffled_training\processed\non_distress\nd_000649.wav,non_distress,0,noise
ml\muffled_training\processed\non_distress\nd_000425.wav,non_distress,0,noise
ml\muffled_training\generated\muffled_distress\asvp_c48053dc2bf5_orig.wav,muffled_distress,1,asvp_asvp_c48053dc2bf5
ml\muffled_training\generated\muffled_distress\asvp_f8b991ef8f8b_orig.wav,muffled_distress,1,asvp_asvp_f8b991ef8f8b
ml\muffled_training\generated\muffled_distress\cry_0070_medium.wav,muffled_distress,1,cry_cry_0070
ml\muffled_training\processed\non_distress\nd_000653.wav,non_distress,0,noise
ml\muffled_training\processed\non_distress\nd_000089.wav,non_distress,0,normal
ml\muffled_training\generated\muffled_distress\scream_0097_medium.wav,muffled_distress,1,scream_scream_0097
ml\muffled_training\generated\muffled_distress\asvp_010c885e38fb_orig.wav,muffled_distress,1,asvp_asvp_010c885e38fb
ml\muffled_training\generated\muffled_distress\scream_0097_heavy.wav,muffled_distress,1,scream_scream_0097
ml\muffled_training\generated\muffled_distress\asvp_7cfd0964c7bc_medium.wav,muffled_distress,1,asvp_asvp_7cfd0964c7bc
ml\muffled_training\generated\muffled_distress\asvp_f9a8df7adea9_medium.wav,muffled_distress,1,asvp_asvp_f9a8df7adea9
ml\muffled_training\generated\muffled_distress\asvp_212092849f99_extreme.wav,muffled_distress,1,asvp_asvp_212092849f99
ml\muffled_training\generated\muffled_distress\cry_0009_heavy.wav,muffled_distress,1,cry_cry_0009
ml\muffled_training\processed\non_distress\nd_000417.wav,non_distress,0,help
ml\muffled_training\generated\muffled_distress\asvp_e6586da044fc_medium.wav,muffled_distress,1,asvp_asvp_e6586da044fc
ml\muffled_training\generated\muffled_distress\asvp_a34f599c7792_orig.wav,muffled_distress,1,asvp_asvp_a34f599c7792
ml\muffled_training\generated\muffled_distress\asvp_bf1fdc8a2614_heavy.wav,muffled_distress,1,asvp_asvp_bf1fdc8a2614
ml\muffled_training\processed\non_distress\nd_000429.wav,non_distress,0,noise
ml\muffled_training\generated\muffled_distress\cry_0111_light.wav,muffled_distress,1,cry_cry_0111
ml\muffled_training\generated\muffled_distress\asvp_070280073624_orig.wav,muffled_distress,1,asvp_asvp_070280073624
ml\muffled_training\generated\muffled_distress\asvp_4644754f4fe6_orig.wav,muffled_distress,1,asvp_asvp_4644754f4fe6
ml\muffled_training\generated\muffled_distress\asvp_d629cb32f85d_heavy.wav,muffled_distress,1,asvp_asvp_d629cb32f85d
ml\muffled_training\generated\muffled_distress\cry_0095_heavy.wav,muffled_distress,1,cry_cry_0095
ml\muffled_training\generated\muffled_distress\asvp_72fedd72dceb_extreme.wav,muffled_distress,1,asvp_asvp_72fedd72dceb
ml\muffled_training\generated\muffled_distress\scream_0064_heavy.wav,muffled_distress,1,scream_scream_0064
ml\muffled_training\generated\muffled_distress\asvp_ad30c4cd737f_light.wav,muffled_distress,1,asvp_asvp_ad30c4cd737f
ml\muffled_training\processed\non_distress\nd_000458.wav,non_distress,0,noise
ml\muffled_training\generated\muffled_distress\scream_0009_light.wav,muffled_distress,1,scream_scream_0009
ml\muffled_training\generated\muffled_distress\asvp_28e74957da00_extreme.wav,muffled_distress,1,asvp_asvp_28e74957da00
ml\muffled_training\generated\muffled_distress\asvp_ac588e458d69_orig.wav,muffled_distress,1,asvp_asvp_ac588e458d69
ml\muffled_training\generated\muffled_distress\asvp_f27d9bdd127e_heavy.wav,muffled_distress,1,asvp_asvp_f27d9bdd127e
ml\muffled_training\processed\non_distress\nd_000188.wav,non_distress,0,normal
ml\muffled_training\generated\muffled_distress\asvp_4094b91ddc61_extreme.wav,muffled_distress,1,asvp_asvp_4094b91ddc61
ml\muffled_training\generated\muffled_distress\scream_0104_heavy.wav,muffled_distress,1,scream_scream_0104
ml\muffled_training\generated\muffled_distress\scream_0079_heavy.wav,muffled_distress,1,scream_scream_0079
ml\muffled_training\generated\muffled_distress\asvp_be3b07e67f7d_medium.wav,muffled_distress,1,asvp_asvp_be3b07e67f7d
ml\muffled_training\processed\non_distress\nd_000258.wav,non_distress,0,normal
ml\muffled_training\generated\muffled_distress\asvp_5b2dc839d471_heavy.wav,muffled_distress,1,asvp_asvp_5b2dc839d471
ml\muffled_training\processed\non_distress\nd_000285.wav,non_distress,0,normal
ml\muffled_training\processed\non_distress\nd_000465.wav,non_distress,0,noise
ml\muffled_training\processed\non_distress\nd_000705.wav,non_distress,0,noise
ml\muffled_training\generated\muffled_distress\asvp_1308a15e2415_heavy.wav,muffled_distress,1,asvp_asvp_1308a15e2415
ml\muffled_training\generated\muffled_distress\scream_0042_heavy.wav,muffled_distress,1,scream_scream_0042
ml\muffled_training\generated\muffled_distress\asvp_882130f0834c_heavy.wav,muffled_distress,1,asvp_asvp_882130f0834c
ml\muffled_training\generated\muffled_distress\asvp_456601d8ddae_orig.wav,muffled_distress,1,asvp_asvp_456601d8ddae
ml\muffled_training\processed\non_distress\nd_000752.wav,non_distress,0,bg
ml\muffled_training\processed\non_distress\nd_000175.wav,non_distress,0,normal
ml\muffled_training\generated\muffled_distress\scream_0045_medium.wav,muffled_distress,1,scream_scream_0045
ml\muffled_training\generated\muffled_distress\asvp_0464c44c8a40_orig.wav,muffled_distress,1,asvp_asvp_0464c44c8a40
ml\muffled_training\generated\muffled_distress\asvp_57dd178db73a_orig.wav,muffled_distress,1,asvp_asvp_57dd178db73a
ml\muffled_training\generated\muffled_distress\cry_0062_extreme.wav,muffled_distress,1,cry_cry_0062
ml\muffled_training\generated\muffled_distress\asvp_9d001cafd159_extreme.wav,muffled_distress,1,asvp_asvp_9d001cafd159
ml\muffled_training\processed\non_distress\nd_000213.wav,non_distress,0,normal
ml\muffled_training\generated\muffled_distress\asvp_cc0218d09d5d_orig.wav,muffled_distress,1,asvp_asvp_cc0218d09d5d
ml\muffled_training\processed\non_distress\nd_000275.wav,non_distress,0,normal
ml\muffled_training\generated\muffled_distress\asvp_e6a7b73e0394_extreme.wav,muffled_distress,1,asvp_asvp_e6a7b73e0394
ml\muffled_training\generated\muffled_distress\asvp_e9510404e48b_extreme.wav,muffled_distress,1,asvp_asvp_e9510404e48b
ml\muffled_training\processed\non_distress\nd_000106.wav,non_distress,0,normal
ml\muffled_training\generated\muffled_distress\asvp_c70e512c446f_medium.wav,muffled_distress,1,asvp_asvp_c70e512c446f
ml\muffled_training\generated\muffled_distress\asvp_eba49bc929ff_medium.wav,muffled_distress,1,asvp_asvp_eba49bc929ff
ml\muffled_training\generated\muffled_distress\asvp_54652eea915c_orig.wav,muffled_distress,1,asvp_asvp_54652eea915c
ml\muffled_training\generated\muffled_distress\scream_0094_medium.wav,muffled_distress,1,scream_scream_0094
ml\muffled_training\generated\muffled_distress\cry_0096_medium.wav,muffled_distress,1,cry_cry_0096
ml\muffled_training\processed\non_distress\nd_000306.wav,non_distress,0,help
ml\muffled_training\generated\muffled_distress\asvp_dc74637230df_orig.wav,muffled_distress,1,asvp_asvp_dc74637230df
ml\muffled_training\generated\muffled_distress\scream_0098_extreme.wav,muffled_distress,1,scream_scream_0098
ml\muffled_training\generated\muffled_distress\asvp_212092849f99_light.wav,muffled_distress,1,asvp_asvp_212092849f99
ml\muffled_training\generated\muffled_distress\asvp_f4f80800ff70_extreme.wav,muffled_distress,1,asvp_asvp_f4f80800ff70
ml\muffled_training\generated\muffled_distress\asvp_71354cd01bff_medium.wav,muffled_distress,1,asvp_asvp_71354cd01bff
ml\muffled_training\generated\muffled_distress\cry_0044_light.wav,muffled_distress,1,cry_cry_0044
ml\muffled_training\processed\non_distress\nd_000095.wav,non_distress,0,normal
ml\muffled_training\generated\muffled_distress\asvp_d5201c12625a_light.wav,muffled_distress,1,asvp_asvp_d5201c12625a
ml\muffled_training\generated\muffled_distress\scream_0005_medium.wav,muffled_distress,1,scream_scream_0005
ml\muffled_training\generated\muffled_distress\scream_0065_medium.wav,muffled_distress,1,scream_scream_0065
ml\muffled_training\processed\non_distress\nd_000626.wav,non_distress,0,noise
ml\muffled_training\generated\muffled_distress\scream_0085_light.wav,muffled_distress,1,scream_scream_0085
ml\muffled_training\generated\muffled_distress\asvp_882130f0834c_medium.wav,muffled_distress,1,asvp_asvp_882130f0834c
ml\muffled_training\processed\non_distress\nd_000711.wav,non_distress,0,noise
ml\muffled_training\generated\muffled_distress\asvp_212092849f99_heavy.wav,muffled_distress,1,asvp_asvp_212092849f99
ml\muffled_training\generated\muffled_distress\cry_0004_extreme.wav,muffled_distress,1,cry_cry_0004
ml\muffled_training\generated\muffled_distress\asvp_172528480739_orig.wav,muffled_distress,1,asvp_asvp_172528480739
ml\muffled_training\generated\muffled_distress\asvp_fe6f36706641_heavy.wav,muffled_distress,1,asvp_asvp_fe6f36706641
ml\muffled_training\processed\non_distress\nd_000475.wav,non_distress,0,noise
ml\muffled_training\processed\non_distress\nd_000442.wav,non_distress,0,noise
ml\muffled_training\generated\muffled_distress\scream_0090_heavy.wav,muffled_distress,1,scream_scream_0090
ml\muffled_training\generated\muffled_distress\scream_0075_heavy.wav,muffled_distress,1,scream_scream_0075
ml\muffled_training\generated\muffled_distress\asvp_d51dbd1816a3_medium.wav,muffled_distress,1,asvp_asvp_d51dbd1816a3
ml\muffled_training\processed\non_distress\nd_000830.wav,non_distress,0,bg
ml\muffled_training\processed\non_distress\nd_000715.wav,non_distress,0,noise
ml\muffled_training\generated\muffled_distress\asvp_358cbd9591fc_heavy.wav,muffled_distress,1,asvp_asvp_358cbd9591fc
ml\muffled_training\generated\muffled_distress\asvp_46daa4cdada3_heavy.wav,muffled_distress,1,asvp_asvp_46daa4cdada3
ml\muffled_training\generated\muffled_distress\cry_0086_heavy.wav,muffled_distress,1,cry_cry_0086
ml\muffled_training\generated\muffled_distress\scream_0059_light.wav,muffled_distress,1,scream_scream_0059
ml\muffled_training\generated\muffled_distress\cry_0033_light.wav,muffled_distress,1,cry_cry_0033
ml\muffled_training\generated\muffled_distress\cry_0040_medium.wav,muffled_distress,1,cry_cry_0040
ml\muffled_training\processed\non_distress\nd_000178.wav,non_distress,0,normal
ml\muffled_training\generated\muffled_distress\cry_0043_extreme.wav,muffled_distress,1,cry_cry_0043
ml\muffled_training\generated\muffled_distress\asvp_1aad6415d4a6_orig.wav,muffled_distress,1,asvp_asvp_1aad6415d4a6
ml\muffled_training\generated\muffled_distress\cry_0083_orig.wav,muffled_distress,1,cry_cry_0083
ml\muffled_training\generated\muffled_distress\asvp_86be64542eca_extreme.wav,muffled_distress,1,asvp_asvp_86be64542eca
ml\muffled_training\generated\muffled_distress\asvp_16f3e093966f_orig.wav,muffled_distress,1,asvp_asvp_16f3e093966f
ml\muffled_training\generated\muffled_distress\asvp_6491c62c9b8e_orig.wav,muffled_distress,1,asvp_asvp_6491c62c9b8e
ml\muffled_training\processed\non_distress\nd_000454.wav,non_distress,0,noise
ml\muffled_training\processed\non_distress\nd_000471.wav,non_distress,0,noise
ml\muffled_training\generated\muffled_distress\asvp_5789ddc09889_heavy.wav,muffled_distress,1,asvp_asvp_5789ddc09889
ml\muffled_training\generated\muffled_distress\asvp_d2fc641f6235_light.wav,muffled_distress,1,asvp_asvp_d2fc641f6235
ml\muffled_training\generated\muffled_distress\asvp_325a84de461c_extreme.wav,muffled_distress,1,asvp_asvp_325a84de461c
ml\muffled_training\processed\non_distress\nd_000250.wav,non_distress,0,normal
ml\muffled_training\generated\muffled_distress\asvp_6a10550dbb7c_extreme.wav,muffled_distress,1,asvp_asvp_6a10550dbb7c
ml\muffled_training\generated\muffled_distress\scream_0010_medium.wav,muffled_distress,1,scream_scream_0010
ml\muffled_training\generated\muffled_distress\scream_0025_extreme.wav,muffled_distress,1,scream_scream_0025
ml\muffled_training\generated\muffled_distress\cry_0042_heavy.wav,muffled_distress,1,cry_cry_0042
ml\muffled_training\generated\muffled_distress\scream_0092_heavy.wav,muffled_distress,1,scream_scream_0092
ml\muffled_training\processed\non_distress\nd_000356.wav,non_distress,0,help
ml\muffled_training\generated\muffled_distress\asvp_413f8b92c55e_orig.wav,muffled_distress,1,asvp_asvp_413f8b92c55e
ml\muffled_training\generated\muffled_distress\asvp_28afffd9b81e_medium.wav,muffled_distress,1,asvp_asvp_28afffd9b81e
ml\muffled_training\generated\muffled_distress\cry_0020_extreme.wav,muffled_distress,1,cry_cry_0020
ml\muffled_training\generated\muffled_distress\asvp_252fd76f0f31_orig.wav,muffled_distress,1,asvp_asvp_252fd76f0f31
ml\muffled_training\generated\muffled_distress\asvp_159d766bc72f_light.wav,muffled_distress,1,asvp_asvp_159d766bc72f
ml\muffled_training\generated\muffled_distress\scream_0024_extreme.wav,muffled_distress,1,scream_scream_0024
ml\muffled_training\generated\muffled_distress\cry_0000_heavy.wav,muffled_distress,1,cry_cry_0000
ml\muffled_training\generated\muffled_distress\asvp_be3b07e67f7d_light.wav,muffled_distress,1,asvp_asvp_be3b07e67f7d
ml\muffled_training\generated\muffled_distress\cry_0107_orig.wav,muffled_distress,1,cry_cry_0107
ml\muffled_training\generated\muffled_distress\asvp_28bd0beba904_medium.wav,muffled_distress,1,asvp_asvp_28bd0beba904
ml\muffled_training\generated\muffled_distress\asvp_64e05f520d37_heavy.wav,muffled_distress,1,asvp_asvp_64e05f520d37
ml\muffled_training\generated\muffled_distress\scream_0105_heavy.wav,muffled_distress,1,scream_scream_0105
ml\muffled_training\generated\muffled_distress\asvp_ff19d56083cd_light.wav,muffled_distress,1,asvp_asvp_ff19d56083cd
ml\muffled_training\processed\non_distress\nd_000413.wav,non_distress,0,help
ml\muffled_training\generated\muffled_distress\cry_0032_light.wav,muffled_distress,1,cry_cry_0032
ml\muffled_training\generated\muffled_distress\asvp_f86a06903b3f_heavy.wav,muffled_distress,1,asvp_asvp_f86a06903b3f
ml\muffled_training\processed\non_distress\nd_000698.wav,non_distress,0,noise
ml\muffled_training\generated\muffled_distress\scream_0026_light.wav,muffled_distress,1,scream_scream_0026
ml\muffled_training\generated\muffled_distress\asvp_29386c1c8c91_light.wav,muffled_distress,1,asvp_asvp_29386c1c8c91
ml\muffled_training\processed\non_distress\nd_000431.wav,non_distress,0,noise
ml\muffled_training\generated\muffled_distress\asvp_1308a15e2415_extreme.wav,muffled_distress,1,asvp_asvp_1308a15e2415
ml\muffled_training\generated\muffled_distress\asvp_c865a2e1cfe0_heavy.wav,muffled_distress,1,asvp_asvp_c865a2e1cfe0
ml\muffled_training\generated\muffled_distress\asvp_3e02acebf29a_light.wav,muffled_distress,1,asvp_asvp_3e02acebf29a
ml\muffled_training\generated\muffled_distress\asvp_a60b157d7ce8_light.wav,muffled_distress,1,asvp_asvp_a60b157d7ce8
ml\muffled_training\generated\muffled_distress\scream_0029_orig.wav,muffled_distress,1,scream_scream_0029
ml\muffled_training\generated\muffled_distress\asvp_ca387fe89ac5_extreme.wav,muffled_distress,1,asvp_asvp_ca387fe89ac5
ml\muffled_training\processed\non_distress\nd_000183.wav,non_distress,0,normal
ml\muffled_training\generated\muffled_distress\asvp_d9e080026457_medium.wav,muffled_distress,1,asvp_asvp_d9e080026457
ml\muffled_training\generated\muffled_distress\scream_0012_heavy.wav,muffled_distress,1,scream_scream_0012
ml\muffled_training\processed\non_distress\nd_000452.wav,non_distress,0,noise
ml\muffled_training\processed\non_distress\nd_000110.wav,non_distress,0,normal
ml\muffled_training\generated\muffled_distress\asvp_c7fbb208bd19_heavy.wav,muffled_distress,1,asvp_asvp_c7fbb208bd19
ml\muffled_training\processed\non_distress\nd_000568.wav,non_distress,0,noise
ml\muffled_training\generated\muffled_distress\cry_0110_heavy.wav,muffled_distress,1,cry_cry_0110
ml\muffled_training\generated\muffled_distress\asvp_ac588e458d69_light.wav,muffled_distress,1,asvp_asvp_ac588e458d69
ml\muffled_training\generated\muffled_distress\asvp_79c8566d45f9_medium.wav,muffled_distress,1,asvp_asvp_79c8566d45f9
ml\muffled_training\processed\non_distress\nd_000455.wav,non_distress,0,noise
ml\muffled_training\processed\non_distress\nd_000267.wav,non_distress,0,normal
ml\muffled_training\generated\muffled_distress\cry_0074_extreme.wav,muffled_distress,1,cry_cry_0074
ml\muffled_training\processed\non_distress\nd_000650.wav,non_distress,0,noise
ml\muffled_training\generated\muffled_distress\asvp_be3b07e67f7d_extreme.wav,muffled_distress,1,asvp_asvp_be3b07e67f7d
ml\muffled_training\processed\non_distress\nd_000467.wav,non_distress,0,noise
ml\muffled_training\generated\muffled_distress\asvp_e6fb9344dc56_heavy.wav,muffled_distress,1,asvp_asvp_e6fb9344dc56
ml\muffled_training\generated\muffled_distress\asvp_ec58d6bba7a2_heavy.wav,muffled_distress,1,asvp_asvp_ec58d6bba7a2
ml\muffled_training\generated\muffled_distress\cry_0109_heavy.wav,muffled_distress,1,cry_cry_0109
ml\muffled_training\generated\muffled_distress\scream_0044_medium.wav,muffled_distress,1,scream_scream_0044
ml\muffled_training\generated\muffled_distress\scream_0028_heavy.wav,muffled_distress,1,scream_scream_0028
ml\muffled_training\generated\muffled_distress\asvp_d47125680168_extreme.wav,muffled_distress,1,asvp_asvp_d47125680168
ml\muffled_training\generated\muffled_distress\asvp_0525fd8a4fed_extreme.wav,muffled_distress,1,asvp_asvp_0525fd8a4fed
ml\muffled_training\generated\muffled_distress\asvp_08b560382b69_medium.wav,muffled_distress,1,asvp_asvp_08b560382b69
ml\muffled_training\generated\muffled_distress\cry_0063_extreme.wav,muffled_distress,1,cry_cry_0063
ml\muffled_training\generated\muffled_distress\asvp_88d52861f621_orig.wav,muffled_distress,1,asvp_asvp_88d52861f621
ml\muffled_training\generated\muffled_distress\asvp_57dd178db73a_light.wav,muffled_distress,1,asvp_asvp_57dd178db73a
ml\muffled_training\generated\muffled_distress\scream_0053_light.wav,muffled_distress,1,scream_scream_0053
ml\muffled_training\processed\non_distress\nd_000271.wav,non_distress,0,normal
ml\muffled_training\generated\muffled_distress\cry_0118_light.wav,muffled_distress,1,cry_cry_0118
ml\muffled_training\processed\non_distress\nd_000762.wav,non_distress,0,bg
ml\muffled_training\processed\non_distress\nd_000628.wav,non_distress,0,noise
ml\muffled_training\processed\non_distress\nd_000179.wav,non_distress,0,normal
ml\muffled_training\generated\muffled_distress\asvp_5789ddc09889_extreme.wav,muffled_distress,1,asvp_asvp_5789ddc09889
ml\muffled_training\generated\muffled_distress\asvp_88d52861f621_medium.wav,muffled_distress,1,asvp_asvp_88d52861f621
ml\muffled_training\processed\non_distress\nd_000493.wav,non_distress,0,noise
ml\muffled_training\generated\muffled_distress\asvp_20cb3b9fcb61_extreme.wav,muffled_distress,1,asvp_asvp_20cb3b9fcb61
ml\muffled_training\processed\non_distress\nd_000373.wav,non_distress,0,help
ml\muffled_training\generated\muffled_distress\cry_0016_orig.wav,muffled_distress,1,cry_cry_0016
ml\muffled_training\generated\muffled_distress\asvp_34b754b7d572_extreme.wav,muffled_distress,1,asvp_asvp_34b754b7d572
ml\muffled_training\processed\non_distress\nd_000511.wav,non_distress,0,noise
ml\muffled_training\generated\muffled_distress\cry_0054_light.wav,muffled_distress,1,cry_cry_0054
ml\muffled_training\generated\muffled_distress\scream_0096_medium.wav,muffled_distress,1,scream_scream_0096
ml\muffled_training\generated\muffled_distress\asvp_c70e512c446f_light.wav,muffled_distress,1,asvp_asvp_c70e512c446f
ml\muffled_training\generated\muffled_distress\cry_0105_light.wav,muffled_distress,1,cry_cry_0105
ml\muffled_training\generated\muffled_distress\scream_0056_heavy.wav,muffled_distress,1,scream_scream_0056
ml\muffled_training\generated\muffled_distress\cry_0046_orig.wav,muffled_distress,1,cry_cry_0046
ml\muffled_training\generated\muffled_distress\asvp_3d5ad55a0d2d_orig.wav,muffled_distress,1,asvp_asvp_3d5ad55a0d2d
ml\muffled_training\processed\non_distress\nd_000154.wav,non_distress,0,normal
ml\muffled_training\generated\muffled_distress\asvp_b288e537c212_heavy.wav,muffled_distress,1,asvp_asvp_b288e537c212
ml\muffled_training\generated\muffled_distress\scream_0064_medium.wav,muffled_distress,1,scream_scream_0064
ml\muffled_training\generated\muffled_distress\asvp_3498a227e3e8_light.wav,muffled_distress,1,asvp_asvp_3498a227e3e8
ml\muffled_training\generated\muffled_distress\cry_0117_orig.wav,muffled_distress,1,cry_cry_0117
ml\muffled_training\generated\muffled_distress\scream_0086_orig.wav,muffled_distress,1,scream_scream_0086
ml\muffled_training\processed\non_distress\nd_000403.wav,non_distress,0,help
ml\muffled_training\generated\muffled_distress\asvp_a86d982cff44_medium.wav,muffled_distress,1,asvp_asvp_a86d982cff44
ml\muffled_training\generated\muffled_distress\scream_0075_orig.wav,muffled_distress,1,scream_scream_0075
ml\muffled_training\generated\muffled_distress\asvp_c48053dc2bf5_medium.wav,muffled_distress,1,asvp_asvp_c48053dc2bf5
ml\muffled_training\generated\muffled_distress\asvp_3cb19f97320b_extreme.wav,muffled_distress,1,asvp_asvp_3cb19f97320b
ml\muffled_training\processed\non_distress\nd_000218.wav,non_distress,0,normal
ml\muffled_training\generated\muffled_distress\cry_0050_orig.wav,muffled_distress,1,cry_cry_0050
ml\muffled_training\processed\non_distress\nd_000151.wav,non_distress,0,normal
ml\muffled_training\generated\muffled_distress\asvp_2aa9a4591d5b_extreme.wav,muffled_distress,1,asvp_asvp_2aa9a4591d5b
ml\muffled_training\generated\muffled_distress\asvp_0423374011bc_orig.wav,muffled_distress,1,asvp_asvp_0423374011bc
ml\muffled_training\generated\muffled_distress\asvp_358cbd9591fc_extreme.wav,muffled_distress,1,asvp_asvp_358cbd9591fc
ml\muffled_training\processed\non_distress\nd_000096.wav,non_distress,0,normal
ml\muffled_training\generated\muffled_distress\scream_0093_orig.wav,muffled_distress,1,scream_scream_0093
ml\muffled_training\generated\muffled_distress\cry_0041_heavy.wav,muffled_distress,1,cry_cry_0041
ml\muffled_training\processed\non_distress\nd_000618.wav,non_distress,0,noise
ml\muffled_training\processed\non_distress\nd_000526.wav,non_distress,0,noise
ml\muffled_training\generated\muffled_distress\cry_0049_orig.wav,muffled_distress,1,cry_cry_0049
ml\muffled_training\processed\non_distress\nd_000295.wav,non_distress,0,normal
ml\muffled_training\generated\muffled_distress\cry_0083_light.wav,muffled_distress,1,cry_cry_0083
ml\muffled_training\generated\muffled_distress\cry_0030_medium.wav,muffled_distress,1,cry_cry_0030
ml\muffled_training\generated\muffled_distress\cry_0058_orig.wav,muffled_distress,1,cry_cry_0058
ml\muffled_training\generated\muffled_distress\asvp_83dcaa55f69c_orig.wav,muffled_distress,1,asvp_asvp_83dcaa55f69c
ml\muffled_training\generated\muffled_distress\scream_0076_orig.wav,muffled_distress,1,scream_scream_0076
ml\muffled_training\generated\muffled_distress\asvp_c48053dc2bf5_light.wav,muffled_distress,1,asvp_asvp_c48053dc2bf5
ml\muffled_training\generated\muffled_distress\scream_0098_light.wav,muffled_distress,1,scream_scream_0098
ml\muffled_training\generated\muffled_distress\cry_0098_extreme.wav,muffled_distress,1,cry_cry_0098
ml\muffled_training\generated\muffled_distress\asvp_db482fbb7ff4_extreme.wav,muffled_distress,1,asvp_asvp_db482fbb7ff4
ml\muffled_training\generated\muffled_distress\cry_0081_extreme.wav,muffled_distress,1,cry_cry_0081
ml\muffled_training\generated\muffled_distress\cry_0022_orig.wav,muffled_distress,1,cry_cry_0022
ml\muffled_training\generated\muffled_distress\cry_0051_heavy.wav,muffled_distress,1,cry_cry_0051
ml\muffled_training\generated\muffled_distress\asvp_79b2de7625c7_light.wav,muffled_distress,1,asvp_asvp_79b2de7625c7
ml\muffled_training\generated\muffled_distress\cry_0094_medium.wav,muffled_distress,1,cry_cry_0094
ml\muffled_training\processed\non_distress\nd_000581.wav,non_distress,0,noise
ml\muffled_training\generated\muffled_distress\asvp_edb9bbf4d517_light.wav,muffled_distress,1,asvp_asvp_edb9bbf4d517
ml\muffled_training\generated\muffled_distress\asvp_7ff5622f9e72_extreme.wav,muffled_distress,1,asvp_asvp_7ff5622f9e72
ml\muffled_training\processed\non_distress\nd_000204.wav,non_distress,0,normal
ml\muffled_training\generated\muffled_distress\asvp_2c257f62c4ca_medium.wav,muffled_distress,1,asvp_asvp_2c257f62c4ca
ml\muffled_training\processed\non_distress\nd_000014.wav,non_distress,0,normal
ml\muffled_training\generated\muffled_distress\scream_0038_medium.wav,muffled_distress,1,scream_scream_0038
ml\muffled_training\generated\muffled_distress\scream_0042_extreme.wav,muffled_distress,1,scream_scream_0042
ml\muffled_training\generated\muffled_distress\cry_0017_medium.wav,muffled_distress,1,cry_cry_0017
ml\muffled_training\processed\non_distress\nd_000749.wav,non_distress,0,bg
ml\muffled_training\generated\muffled_distress\asvp_f3bd877120d2_light.wav,muffled_distress,1,asvp_asvp_f3bd877120d2
ml\muffled_training\generated\muffled_distress\asvp_0525fd8a4fed_heavy.wav,muffled_distress,1,asvp_asvp_0525fd8a4fed
ml\muffled_training\processed\non_distress\nd_000590.wav,non_distress,0,noise
ml\muffled_training\generated\muffled_distress\cry_0102_light.wav,muffled_distress,1,cry_cry_0102
ml\muffled_training\generated\muffled_distress\cry_0038_heavy.wav,muffled_distress,1,cry_cry_0038
ml\muffled_training\processed\non_distress\nd_000280.wav,non_distress,0,normal
ml\muffled_training\generated\muffled_distress\asvp_65b02842e513_extreme.wav,muffled_distress,1,asvp_asvp_65b02842e513
ml\muffled_training\generated\muffled_distress\asvp_dc74637230df_light.wav,muffled_distress,1,asvp_asvp_dc74637230df
ml\muffled_training\generated\muffled_distress\cry_0011_orig.wav,muffled_distress,1,cry_cry_0011
ml\muffled_training\generated\muffled_distress\asvp_c7fbb208bd19_light.wav,muffled_distress,1,asvp_asvp_c7fbb208bd19
ml\muffled_training\generated\muffled_distress\scream_0082_medium.wav,muffled_distress,1,scream_scream_0082
ml\muffled_training\generated\muffled_distress\asvp_488ea376e3f2_medium.wav,muffled_distress,1,asvp_asvp_488ea376e3f2
ml\muffled_training\generated\muffled_distress\asvp_c797c7005900_medium.wav,muffled_distress,1,asvp_asvp_c797c7005900
ml\muffled_training\generated\muffled_distress\cry_0061_medium.wav,muffled_distress,1,cry_cry_0061
ml\muffled_training\generated\muffled_distress\asvp_bf1fdc8a2614_light.wav,muffled_distress,1,asvp_asvp_bf1fdc8a2614
ml\muffled_training\generated\muffled_distress\scream_0016_heavy.wav,muffled_distress,1,scream_scream_0016
ml\muffled_training\generated\muffled_distress\asvp_0d435513beab_orig.wav,muffled_distress,1,asvp_asvp_0d435513beab
ml\muffled_training\generated\muffled_distress\asvp_83dcaa55f69c_heavy.wav,muffled_distress,1,asvp_asvp_83dcaa55f69c
ml\muffled_training\generated\muffled_distress\asvp_8774f2cd5ed4_extreme.wav,muffled_distress,1,asvp_asvp_8774f2cd5ed4
ml\muffled_training\generated\muffled_distress\asvp_79b2de7625c7_heavy.wav,muffled_distress,1,asvp_asvp_79b2de7625c7
ml\muffled_training\generated\muffled_distress\asvp_2753befc8820_light.wav,muffled_distress,1,asvp_asvp_2753befc8820
ml\muffled_training\generated\muffled_distress\asvp_bcb36ebcf77b_extreme.wav,muffled_distress,1,asvp_asvp_bcb36ebcf77b
ml\muffled_training\generated\muffled_distress\cry_0112_extreme.wav,muffled_distress,1,cry_cry_0112
ml\muffled_training\generated\muffled_distress\cry_0008_extreme.wav,muffled_distress,1,cry_cry_0008
ml\muffled_training\generated\muffled_distress\asvp_bd4cd1f8873f_heavy.wav,muffled_distress,1,asvp_asvp_bd4cd1f8873f
ml\muffled_training\generated\muffled_distress\scream_0113_medium.wav,muffled_distress,1,scream_scream_0113
ml\muffled_training\generated\muffled_distress\cry_0107_light.wav,muffled_distress,1,cry_cry_0107
ml\muffled_training\generated\muffled_distress\cry_0010_light.wav,muffled_distress,1,cry_cry_0010
ml\muffled_training\processed\non_distress\nd_000704.wav,non_distress,0,noise
ml\muffled_training\generated\muffled_distress\asvp_f68032c3af25_heavy.wav,muffled_distress,1,asvp_asvp_f68032c3af25
ml\muffled_training\generated\muffled_distress\scream_0051_orig.wav,muffled_distress,1,scream_scream_0051
ml\muffled_training\generated\muffled_distress\asvp_20cb3b9fcb61_light.wav,muffled_distress,1,asvp_asvp_20cb3b9fcb61
ml\muffled_training\generated\muffled_distress\asvp_79c8566d45f9_orig.wav,muffled_distress,1,asvp_asvp_79c8566d45f9
ml\muffled_training\generated\muffled_distress\asvp_85abb1c257a2_heavy.wav,muffled_distress,1,asvp_asvp_85abb1c257a2
ml\muffled_training\processed\non_distress\nd_000768.wav,non_distress,0,bg
ml\muffled_training\generated\muffled_distress\asvp_0d435513beab_heavy.wav,muffled_distress,1,asvp_asvp_0d435513beab
ml\muffled_training\processed\non_distress\nd_000743.wav,non_distress,0,bg
ml\muffled_training\generated\muffled_distress\asvp_b22d7819ec53_heavy.wav,muffled_distress,1,asvp_asvp_b22d7819ec53
ml\muffled_training\generated\muffled_distress\asvp_cf2876ad5ab7_extreme.wav,muffled_distress,1,asvp_asvp_cf2876ad5ab7
ml\muffled_training\generated\muffled_distress\cry_0020_heavy.wav,muffled_distress,1,cry_cry_0020
ml\muffled_training\generated\muffled_distress\asvp_62cddd63f8df_extreme.wav,muffled_distress,1,asvp_asvp_62cddd63f8df
ml\muffled_training\generated\muffled_distress\asvp_88d52861f621_extreme.wav,muffled_distress,1,asvp_asvp_88d52861f621
ml\muffled_training\generated\muffled_distress\asvp_dfbc8c7091f0_extreme.wav,muffled_distress,1,asvp_asvp_dfbc8c7091f0
ml\muffled_training\generated\muffled_distress\cry_0106_heavy.wav,muffled_distress,1,cry_cry_0106
ml\muffled_training\generated\muffled_distress\cry_0050_medium.wav,muffled_distress,1,cry_cry_0050
ml\muffled_training\generated\muffled_distress\asvp_0242297ec458_medium.wav,muffled_distress,1,asvp_asvp_0242297ec458
ml\muffled_training\generated\muffled_distress\asvp_01d1ac1dc44b_medium.wav,muffled_distress,1,asvp_asvp_01d1ac1dc44b
ml\muffled_training\processed\non_distress\nd_000334.wav,non_distress,0,help
ml\muffled_training\generated\muffled_distress\asvp_5de950ccf7ed_extreme.wav,muffled_distress,1,asvp_asvp_5de950ccf7ed
ml\muffled_training\generated\muffled_distress\asvp_e9510404e48b_heavy.wav,muffled_distress,1,asvp_asvp_e9510404e48b
ml\muffled_training\generated\muffled_distress\asvp_be7fd1e6e99b_medium.wav,muffled_distress,1,asvp_asvp_be7fd1e6e99b
ml\muffled_training\generated\muffled_distress\asvp_d49598d7bf99_light.wav,muffled_distress,1,asvp_asvp_d49598d7bf99
ml\muffled_training\generated\muffled_distress\asvp_4c349ae8a819_extreme.wav,muffled_distress,1,asvp_asvp_4c349ae8a819
ml\muffled_training\processed\non_distress\nd_000839.wav,non_distress,0,bg
ml\muffled_training\processed\non_distress\nd_000747.wav,non_distress,0,bg
ml\muffled_training\generated\muffled_distress\cry_0075_orig.wav,muffled_distress,1,cry_cry_0075
ml\muffled_training\processed\non_distress\nd_000517.wav,non_distress,0,noise
ml\muffled_training\generated\muffled_distress\scream_0073_extreme.wav,muffled_distress,1,scream_scream_0073
ml\muffled_training\processed\non_distress\nd_000598.wav,non_distress,0,noise
ml\muffled_training\generated\muffled_distress\asvp_010c885e38fb_extreme.wav,muffled_distress,1,asvp_asvp_010c885e38fb
ml\muffled_training\generated\muffled_distress\cry_0076_orig.wav,muffled_distress,1,cry_cry_0076
ml\muffled_training\generated\muffled_distress\asvp_08b560382b69_extreme.wav,muffled_distress,1,asvp_asvp_08b560382b69
ml\muffled_training\generated\muffled_distress\asvp_282fd566ba05_light.wav,muffled_distress,1,asvp_asvp_282fd566ba05
ml\muffled_training\generated\muffled_distress\asvp_159d766bc72f_orig.wav,muffled_distress,1,asvp_asvp_159d766bc72f
ml\muffled_training\processed\non_distress\nd_000664.wav,non_distress,0,noise
ml\muffled_training\generated\muffled_distress\asvp_a297a55765be_medium.wav,muffled_distress,1,asvp_asvp_a297a55765be
ml\muffled_training\generated\muffled_distress\asvp_d629cb32f85d_medium.wav,muffled_distress,1,asvp_asvp_d629cb32f85d
ml\muffled_training\generated\muffled_distress\asvp_ad30c4cd737f_medium.wav,muffled_distress,1,asvp_asvp_ad30c4cd737f
ml\muffled_training\processed\non_distress\nd_000542.wav,non_distress,0,noise
ml\muffled_training\processed\non_distress\nd_000162.wav,non_distress,0,normal
ml\muffled_training\generated\muffled_distress\scream_0010_heavy.wav,muffled_distress,1,scream_scream_0010
ml\muffled_training\generated\muffled_distress\asvp_b57d60ee8c3a_extreme.wav,muffled_distress,1,asvp_asvp_b57d60ee8c3a
ml\muffled_training\generated\muffled_distress\asvp_79c8566d45f9_heavy.wav,muffled_distress,1,asvp_asvp_79c8566d45f9
ml\muffled_training\generated\muffled_distress\cry_0006_medium.wav,muffled_distress,1,cry_cry_0006
ml\muffled_training\generated\muffled_distress\asvp_fe6f36706641_medium.wav,muffled_distress,1,asvp_asvp_fe6f36706641
ml\muffled_training\generated\muffled_distress\asvp_818dc456021c_light.wav,muffled_distress,1,asvp_asvp_818dc456021c
ml\muffled_training\generated\muffled_distress\cry_0066_extreme.wav,muffled_distress,1,cry_cry_0066
ml\muffled_training\generated\muffled_distress\asvp_c84f1acf3198_orig.wav,muffled_distress,1,asvp_asvp_c84f1acf3198
ml\muffled_training\generated\muffled_distress\scream_0064_orig.wav,muffled_distress,1,scream_scream_0064
ml\muffled_training\generated\muffled_distress\cry_0025_light.wav,muffled_distress,1,cry_cry_0025
ml\muffled_training\generated\muffled_distress\asvp_4e497d4ee524_medium.wav,muffled_distress,1,asvp_asvp_4e497d4ee524
ml\muffled_training\generated\muffled_distress\cry_0084_light.wav,muffled_distress,1,cry_cry_0084
ml\muffled_training\generated\muffled_distress\asvp_edb9bbf4d517_orig.wav,muffled_distress,1,asvp_asvp_edb9bbf4d517
ml\muffled_training\generated\muffled_distress\scream_0040_heavy.wav,muffled_distress,1,scream_scream_0040
ml\muffled_training\generated\muffled_distress\asvp_5de950ccf7ed_heavy.wav,muffled_distress,1,asvp_asvp_5de950ccf7ed
ml\muffled_training\generated\muffled_distress\cry_0047_heavy.wav,muffled_distress,1,cry_cry_0047
ml\muffled_training\generated\muffled_distress\scream_0049_light.wav,muffled_distress,1,scream_scream_0049
ml\muffled_training\processed\non_distress\nd_000498.wav,non_distress,0,noise
ml\muffled_training\processed\non_distress\nd_000636.wav,non_distress,0,noise
ml\muffled_training\processed\non_distress\nd_000792.wav,non_distress,0,bg
ml\muffled_training\processed\non_distress\nd_000776.wav,non_distress,0,bg
ml\muffled_training\processed\non_distress\nd_000532.wav,non_distress,0,noise
ml\muffled_training\generated\muffled_distress\scream_0024_light.wav,muffled_distress,1,scream_scream_0024
ml\muffled_training\generated\muffled_distress\asvp_9c637f304f53_extreme.wav,muffled_distress,1,asvp_asvp_9c637f304f53
ml\muffled_training\generated\muffled_distress\asvp_433c93fcc314_medium.wav,muffled_distress,1,asvp_asvp_433c93fcc314
ml\muffled_training\processed\non_distress\nd_000793.wav,non_distress,0,bg
ml\muffled_training\generated\muffled_distress\asvp_62cddd63f8df_heavy.wav,muffled_distress,1,asvp_asvp_62cddd63f8df
ml\muffled_training\processed\non_distress\nd_000127.wav,non_distress,0,normal
ml\muffled_training\generated\muffled_distress\asvp_877481535da6_extreme.wav,muffled_distress,1,asvp_asvp_877481535da6
ml\muffled_training\generated\muffled_distress\asvp_83b2d5da2a66_heavy.wav,muffled_distress,1,asvp_asvp_83b2d5da2a66
ml\muffled_training\processed\non_distress\nd_000197.wav,non_distress,0,normal
ml\muffled_training\processed\non_distress\nd_000047.wav,non_distress,0,normal
ml\muffled_training\generated\muffled_distress\cry_0099_light.wav,muffled_distress,1,cry_cry_0099
ml\muffled_training\processed\non_distress\nd_000330.wav,non_distress,0,help
ml\muffled_training\processed\non_distress\nd_000332.wav,non_distress,0,help
ml\muffled_training\generated\muffled_distress\asvp_34b754b7d572_orig.wav,muffled_distress,1,asvp_asvp_34b754b7d572
ml\muffled_training\generated\muffled_distress\scream_0002_extreme.wav,muffled_distress,1,scream_scream_0002
ml\muffled_training\generated\muffled_distress\scream_0053_heavy.wav,muffled_distress,1,scream_scream_0053
ml\muffled_training\generated\muffled_distress\scream_0023_orig.wav,muffled_distress,1,scream_scream_0023
ml\muffled_training\generated\muffled_distress\asvp_47926862d6ba_orig.wav,muffled_distress,1,asvp_asvp_47926862d6ba
ml\muffled_training\processed\non_distress\nd_000193.wav,non_distress,0,normal
ml\muffled_training\processed\non_distress\nd_000496.wav,non_distress,0,noise
ml\muffled_training\generated\muffled_distress\scream_0080_medium.wav,muffled_distress,1,scream_scream_0080
ml\muffled_training\processed\non_distress\nd_000401.wav,non_distress,0,help
ml\muffled_training\generated\muffled_distress\scream_0071_medium.wav,muffled_distress,1,scream_scream_0071
ml\muffled_training\generated\muffled_distress\asvp_9f990a579304_heavy.wav,muffled_distress,1,asvp_asvp_9f990a579304
ml\muffled_training\processed\non_distress\nd_000212.wav,non_distress,0,normal
ml\muffled_training\generated\muffled_distress\asvp_3d5ad55a0d2d_medium.wav,muffled_distress,1,asvp_asvp_3d5ad55a0d2d
ml\muffled_training\generated\muffled_distress\cry_0106_orig.wav,muffled_distress,1,cry_cry_0106
ml\muffled_training\processed\non_distress\nd_000010.wav,non_distress,0,normal
ml\muffled_training\generated\muffled_distress\scream_0022_heavy.wav,muffled_distress,1,scream_scream_0022
ml\muffled_training\generated\muffled_distress\cry_0119_heavy.wav,muffled_distress,1,cry_cry_0119
ml\muffled_training\generated\muffled_distress\scream_0001_light.wav,muffled_distress,1,scream_scream_0001
ml\muffled_training\generated\muffled_distress\scream_0078_heavy.wav,muffled_distress,1,scream_scream_0078
ml\muffled_training\generated\muffled_distress\asvp_5eba63d9b11e_orig.wav,muffled_distress,1,asvp_asvp_5eba63d9b11e
ml\muffled_training\processed\non_distress\nd_000818.wav,non_distress,0,bg
ml\muffled_training\generated\muffled_distress\scream_0001_extreme.wav,muffled_distress,1,scream_scream_0001
ml\muffled_training\generated\muffled_distress\asvp_24be040293a9_extreme.wav,muffled_distress,1,asvp_asvp_24be040293a9
ml\muffled_training\processed\non_distress\nd_000021.wav,non_distress,0,normal
ml\muffled_training\processed\non_distress\nd_000221.wav,non_distress,0,normal
ml\muffled_training\processed\non_distress\nd_000265.wav,non_distress,0,normal
ml\muffled_training\processed\non_distress\nd_000819.wav,non_distress,0,bg
ml\muffled_training\generated\muffled_distress\asvp_1ee66bdafc44_extreme.wav,muffled_distress,1,asvp_asvp_1ee66bdafc44
ml\muffled_training\generated\muffled_distress\scream_0049_heavy.wav,muffled_distress,1,scream_scream_0049
ml\muffled_training\generated\muffled_distress\cry_0094_extreme.wav,muffled_distress,1,cry_cry_0094
ml\muffled_training\generated\muffled_distress\asvp_c49ee1b491c5_orig.wav,muffled_distress,1,asvp_asvp_c49ee1b491c5
ml\muffled_training\generated\muffled_distress\asvp_38c3305caa67_orig.wav,muffled_distress,1,asvp_asvp_38c3305caa67
ml\muffled_training\processed\non_distress\nd_000052.wav,non_distress,0,normal
ml\muffled_training\generated\muffled_distress\cry_0059_orig.wav,muffled_distress,1,cry_cry_0059
ml\muffled_training\processed\non_distress\nd_000523.wav,non_distress,0,noise
ml\muffled_training\generated\muffled_distress\scream_0092_medium.wav,muffled_distress,1,scream_scream_0092
ml\muffled_training\generated\muffled_distress\cry_0110_light.wav,muffled_distress,1,cry_cry_0110
ml\muffled_training\processed\non_distress\nd_000339.wav,non_distress,0,help
ml\muffled_training\processed\non_distress\nd_000683.wav,non_distress,0,noise
ml\muffled_training\generated\muffled_distress\asvp_8ab21190b6fd_orig.wav,muffled_distress,1,asvp_asvp_8ab21190b6fd
ml\muffled_training\generated\muffled_distress\asvp_0525fd8a4fed_orig.wav,muffled_distress,1,asvp_asvp_0525fd8a4fed
ml\muffled_training\processed\non_distress\nd_000140.wav,non_distress,0,normal
ml\muffled_training\generated\muffled_distress\asvp_6491c62c9b8e_extreme.wav,muffled_distress,1,asvp_asvp_6491c62c9b8e
ml\muffled_training\generated\muffled_distress\scream_0118_heavy.wav,muffled_distress,1,scream_scream_0118
ml\muffled_training\processed\non_distress\nd_000634.wav,non_distress,0,noise
ml\muffled_training\generated\muffled_distress\cry_0008_medium.wav,muffled_distress,1,cry_cry_0008
ml\muffled_training\generated\muffled_distress\asvp_05e0d402c181_medium.wav,muffled_distress,1,asvp_asvp_05e0d402c181
ml\muffled_training\generated\muffled_distress\asvp_20cb3b9fcb61_orig.wav,muffled_distress,1,asvp_asvp_20cb3b9fcb61
ml\muffled_training\generated\muffled_distress\asvp_59d18183824d_heavy.wav,muffled_distress,1,asvp_asvp_59d18183824d
ml\muffled_training\generated\muffled_distress\asvp_0bb04b696483_extreme.wav,muffled_distress,1,asvp_asvp_0bb04b696483
ml\muffled_training\processed\non_distress\nd_000790.wav,non_distress,0,bg
ml\muffled_training\generated\muffled_distress\asvp_cef1e70eab93_orig.wav,muffled_distress,1,asvp_asvp_cef1e70eab93
ml\muffled_training\processed\non_distress\nd_000136.wav,non_distress,0,normal
ml\muffled_training\generated\muffled_distress\asvp_6b5ee66f820a_medium.wav,muffled_distress,1,asvp_asvp_6b5ee66f820a
ml\muffled_training\generated\muffled_distress\asvp_36f2529e777c_heavy.wav,muffled_distress,1,asvp_asvp_36f2529e777c
ml\muffled_training\processed\non_distress\nd_000374.wav,non_distress,0,help
ml\muffled_training\generated\muffled_distress\cry_0048_heavy.wav,muffled_distress,1,cry_cry_0048
ml\muffled_training\generated\muffled_distress\scream_0072_extreme.wav,muffled_distress,1,scream_scream_0072
ml\muffled_training\generated\muffled_distress\cry_0034_orig.wav,muffled_distress,1,cry_cry_0034
ml\muffled_training\generated\muffled_distress\asvp_f68032c3af25_medium.wav,muffled_distress,1,asvp_asvp_f68032c3af25
ml\muffled_training\generated\muffled_distress\cry_0007_heavy.wav,muffled_distress,1,cry_cry_0007
ml\muffled_training\generated\muffled_distress\scream_0090_orig.wav,muffled_distress,1,scream_scream_0090
ml\muffled_training\generated\muffled_distress\cry_0010_heavy.wav,muffled_distress,1,cry_cry_0010
ml\muffled_training\generated\muffled_distress\asvp_42d1962fdb4b_medium.wav,muffled_distress,1,asvp_asvp_42d1962fdb4b
ml\muffled_training\generated\muffled_distress\asvp_5f5d2e1439a0_orig.wav,muffled_distress,1,asvp_asvp_5f5d2e1439a0
ml\muffled_training\generated\muffled_distress\scream_0109_medium.wav,muffled_distress,1,scream_scream_0109
ml\muffled_training\processed\non_distress\nd_000773.wav,non_distress,0,bg
ml\muffled_training\generated\muffled_distress\cry_0091_heavy.wav,muffled_distress,1,cry_cry_0091
ml\muffled_training\generated\muffled_distress\asvp_7971aade5a78_extreme.wav,muffled_distress,1,asvp_asvp_7971aade5a78
ml\muffled_training\generated\muffled_distress\scream_0045_light.wav,muffled_distress,1,scream_scream_0045
ml\muffled_training\processed\non_distress\nd_000028.wav,non_distress,0,normal
ml\muffled_training\generated\muffled_distress\asvp_83b2d5da2a66_medium.wav,muffled_distress,1,asvp_asvp_83b2d5da2a66
ml\muffled_training\generated\muffled_distress\asvp_ec58d6bba7a2_medium.wav,muffled_distress,1,asvp_asvp_ec58d6bba7a2
ml\muffled_training\generated\muffled_distress\asvp_877481535da6_orig.wav,muffled_distress,1,asvp_asvp_877481535da6
ml\muffled_training\generated\muffled_distress\scream_0044_extreme.wav,muffled_distress,1,scream_scream_0044
ml\muffled_training\generated\muffled_distress\cry_0063_heavy.wav,muffled_distress,1,cry_cry_0063
ml\muffled_training\processed\non_distress\nd_000236.wav,non_distress,0,normal
ml\muffled_training\generated\muffled_distress\scream_0022_orig.wav,muffled_distress,1,scream_scream_0022
ml\muffled_training\generated\muffled_distress\scream_0018_heavy.wav,muffled_distress,1,scream_scream_0018
ml\muffled_training\generated\muffled_distress\asvp_433c93fcc314_light.wav,muffled_distress,1,asvp_asvp_433c93fcc314
ml\muffled_training\generated\muffled_distress\scream_0101_heavy.wav,muffled_distress,1,scream_scream_0101
ml\muffled_training\generated\muffled_distress\scream_0041_medium.wav,muffled_distress,1,scream_scream_0041
ml\muffled_training\generated\muffled_distress\asvp_5890b799d920_medium.wav,muffled_distress,1,asvp_asvp_5890b799d920
ml\muffled_training\generated\muffled_distress\scream_0016_orig.wav,muffled_distress,1,scream_scream_0016
ml\muffled_training\processed\non_distress\nd_000030.wav,non_distress,0,normal
ml\muffled_training\generated\muffled_distress\scream_0045_heavy.wav,muffled_distress,1,scream_scream_0045
ml\muffled_training\processed\non_distress\nd_000384.wav,non_distress,0,help
ml\muffled_training\generated\muffled_distress\asvp_059d166ced03_heavy.wav,muffled_distress,1,asvp_asvp_059d166ced03
ml\muffled_training\generated\muffled_distress\scream_0080_orig.wav,muffled_distress,1,scream_scream_0080
ml\muffled_training\generated\muffled_distress\asvp_5eba63d9b11e_extreme.wav,muffled_distress,1,asvp_asvp_5eba63d9b11e
ml\muffled_training\generated\muffled_distress\scream_0043_light.wav,muffled_distress,1,scream_scream_0043
ml\muffled_training\processed\non_distress\nd_000537.wav,non_distress,0,noise
ml\muffled_training\generated\muffled_distress\cry_0089_medium.wav,muffled_distress,1,cry_cry_0089
ml\muffled_training\generated\muffled_distress\asvp_a60b157d7ce8_medium.wav,muffled_distress,1,asvp_asvp_a60b157d7ce8
ml\muffled_training\generated\muffled_distress\asvp_fd399d441ca5_orig.wav,muffled_distress,1,asvp_asvp_fd399d441ca5
ml\muffled_training\generated\muffled_distress\asvp_f86a06903b3f_extreme.wav,muffled_distress,1,asvp_asvp_f86a06903b3f
ml\muffled_training\processed\non_distress\nd_000382.wav,non_distress,0,help
ml\muffled_training\generated\muffled_distress\asvp_d9e080026457_light.wav,muffled_distress,1,asvp_asvp_d9e080026457
ml\muffled_training\generated\muffled_distress\asvp_e7109cf564e4_orig.wav,muffled_distress,1,asvp_asvp_e7109cf564e4
ml\muffled_training\processed\non_distress\nd_000256.wav,non_distress,0,normal
ml\muffled_training\generated\muffled_distress\asvp_42d1962fdb4b_heavy.wav,muffled_distress,1,asvp_asvp_42d1962fdb4b
ml\muffled_training\generated\muffled_distress\asvp_9c637f304f53_light.wav,muffled_distress,1,asvp_asvp_9c637f304f53
ml\muffled_training\processed\non_distress\nd_000656.wav,non_distress,0,noise
ml\muffled_training\processed\non_distress\nd_000072.wav,non_distress,0,normal
ml\muffled_training\generated\muffled_distress\asvp_16569995f3ee_light.wav,muffled_distress,1,asvp_asvp_16569995f3ee
ml\muffled_training\generated\muffled_distress\scream_0054_extreme.wav,muffled_distress,1,scream_scream_0054
ml\muffled_training\generated\muffled_distress\asvp_283b13fb0d68_medium.wav,muffled_distress,1,asvp_asvp_283b13fb0d68
ml\muffled_training\generated\muffled_distress\cry_0027_extreme.wav,muffled_distress,1,cry_cry_0027
ml\muffled_training\generated\muffled_distress\asvp_823b4757b6fa_extreme.wav,muffled_distress,1,asvp_asvp_823b4757b6fa
ml\muffled_training\generated\muffled_distress\cry_0024_medium.wav,muffled_distress,1,cry_cry_0024
ml\muffled_training\generated\muffled_distress\cry_0014_extreme.wav,muffled_distress,1,cry_cry_0014
ml\muffled_training\processed\non_distress\nd_000228.wav,non_distress,0,normal
ml\muffled_training\generated\muffled_distress\asvp_ba40a626d6a4_medium.wav,muffled_distress,1,asvp_asvp_ba40a626d6a4
ml\muffled_training\processed\non_distress\nd_000654.wav,non_distress,0,noise
ml\muffled_training\generated\muffled_distress\asvp_81cb2598eb78_light.wav,muffled_distress,1,asvp_asvp_81cb2598eb78
ml\muffled_training\generated\muffled_distress\asvp_30b6f7dc8347_light.wav,muffled_distress,1,asvp_asvp_30b6f7dc8347
ml\muffled_training\generated\muffled_distress\scream_0014_orig.wav,muffled_distress,1,scream_scream_0014
ml\muffled_training\generated\muffled_distress\asvp_a34f599c7792_medium.wav,muffled_distress,1,asvp_asvp_a34f599c7792
ml\muffled_training\generated\muffled_distress\cry_0023_heavy.wav,muffled_distress,1,cry_cry_0023
ml\muffled_training\generated\muffled_distress\cry_0026_light.wav,muffled_distress,1,cry_cry_0026
ml\muffled_training\generated\muffled_distress\scream_0091_extreme.wav,muffled_distress,1,scream_scream_0091
ml\muffled_training\processed\non_distress\nd_000709.wav,non_distress,0,noise
ml\muffled_training\processed\non_distress\nd_000723.wav,non_distress,0,bg
ml\muffled_training\processed\non_distress\nd_000682.wav,non_distress,0,noise
ml\muffled_training\generated\muffled_distress\asvp_ec58d6bba7a2_extreme.wav,muffled_distress,1,asvp_asvp_ec58d6bba7a2
ml\muffled_training\generated\muffled_distress\asvp_059d166ced03_orig.wav,muffled_distress,1,asvp_asvp_059d166ced03
ml\muffled_training\generated\muffled_distress\scream_0104_medium.wav,muffled_distress,1,scream_scream_0104
ml\muffled_training\generated\muffled_distress\scream_0065_extreme.wav,muffled_distress,1,scream_scream_0065
ml\muffled_training\generated\muffled_distress\asvp_059d166ced03_extreme.wav,muffled_distress,1,asvp_asvp_059d166ced03
ml\muffled_training\generated\muffled_distress\asvp_f84033d75eb8_orig.wav,muffled_distress,1,asvp_asvp_f84033d75eb8
ml\muffled_training\processed\non_distress\nd_000556.wav,non_distress,0,noise
ml\muffled_training\processed\non_distress\nd_000444.wav,non_distress,0,noise
ml\muffled_training\generated\muffled_distress\asvp_969df755a2e4_medium.wav,muffled_distress,1,asvp_asvp_969df755a2e4
ml\muffled_training\generated\muffled_distress\asvp_c797c7005900_extreme.wav,muffled_distress,1,asvp_asvp_c797c7005900
ml\muffled_training\generated\muffled_distress\scream_0057_light.wav,muffled_distress,1,scream_scream_0057
ml\muffled_training\processed\non_distress\nd_000440.wav,non_distress,0,noise
ml\muffled_training\generated\muffled_distress\asvp_08b560382b69_heavy.wav,muffled_distress,1,asvp_asvp_08b560382b69
ml\muffled_training\generated\muffled_distress\scream_0067_light.wav,muffled_distress,1,scream_scream_0067
ml\muffled_training\generated\muffled_distress\scream_0089_light.wav,muffled_distress,1,scream_scream_0089
ml\muffled_training\generated\muffled_distress\scream_0035_extreme.wav,muffled_distress,1,scream_scream_0035
ml\muffled_training\generated\muffled_distress\scream_0049_orig.wav,muffled_distress,1,scream_scream_0049
ml\muffled_training\generated\muffled_distress\cry_0065_heavy.wav,muffled_distress,1,cry_cry_0065
ml\muffled_training\generated\muffled_distress\asvp_433c93fcc314_extreme.wav,muffled_distress,1,asvp_asvp_433c93fcc314
ml\muffled_training\generated\muffled_distress\cry_0039_orig.wav,muffled_distress,1,cry_cry_0039
ml\muffled_training\processed\non_distress\nd_000167.wav,non_distress,0,normal
ml\muffled_training\processed\non_distress\nd_000561.wav,non_distress,0,noise
ml\muffled_training\generated\muffled_distress\asvp_81cb2598eb78_heavy.wav,muffled_distress,1,asvp_asvp_81cb2598eb78
ml\muffled_training\generated\muffled_distress\scream_0062_light.wav,muffled_distress,1,scream_scream_0062
ml\muffled_training\generated\muffled_distress\cry_0055_light.wav,muffled_distress,1,cry_cry_0055
ml\muffled_training\generated\muffled_distress\cry_0004_medium.wav,muffled_distress,1,cry_cry_0004
ml\muffled_training\processed\non_distress\nd_000809.wav,non_distress,0,bg
ml\muffled_training\generated\muffled_distress\cry_0093_light.wav,muffled_distress,1,cry_cry_0093
ml\muffled_training\generated\muffled_distress\cry_0093_orig.wav,muffled_distress,1,cry_cry_0093
ml\muffled_training\generated\muffled_distress\asvp_ef46ec1a958b_heavy.wav,muffled_distress,1,asvp_asvp_ef46ec1a958b
ml\muffled_training\processed\non_distress\nd_000073.wav,non_distress,0,normal
ml\muffled_training\generated\muffled_distress\scream_0044_orig.wav,muffled_distress,1,scream_scream_0044
ml\muffled_training\generated\muffled_distress\asvp_596763c4ca60_extreme.wav,muffled_distress,1,asvp_asvp_596763c4ca60
ml\muffled_training\generated\muffled_distress\asvp_4409468bbfa9_extreme.wav,muffled_distress,1,asvp_asvp_4409468bbfa9
ml\muffled_training\generated\muffled_distress\cry_0103_orig.wav,muffled_distress,1,cry_cry_0103
ml\muffled_training\generated\muffled_distress\asvp_7add25370aa0_light.wav,muffled_distress,1,asvp_asvp_7add25370aa0
ml\muffled_training\generated\muffled_distress\cry_0092_medium.wav,muffled_distress,1,cry_cry_0092
ml\muffled_training\generated\muffled_distress\scream_0069_heavy.wav,muffled_distress,1,scream_scream_0069
ml\muffled_training\generated\muffled_distress\asvp_c9361439dcbd_orig.wav,muffled_distress,1,asvp_asvp_c9361439dcbd
ml\muffled_training\generated\muffled_distress\asvp_032fd908d340_heavy.wav,muffled_distress,1,asvp_asvp_032fd908d340
ml\muffled_training\generated\muffled_distress\asvp_80b64f205e1b_extreme.wav,muffled_distress,1,asvp_asvp_80b64f205e1b
ml\muffled_training\processed\non_distress\nd_000477.wav,non_distress,0,noise
ml\muffled_training\generated\muffled_distress\asvp_26cc7faa7a12_heavy.wav,muffled_distress,1,asvp_asvp_26cc7faa7a12
ml\muffled_training\generated\muffled_distress\cry_0058_medium.wav,muffled_distress,1,cry_cry_0058
ml\muffled_training\processed\non_distress\nd_000823.wav,non_distress,0,bg
ml\muffled_training\generated\muffled_distress\cry_0042_medium.wav,muffled_distress,1,cry_cry_0042
ml\muffled_training\generated\muffled_distress\cry_0088_light.wav,muffled_distress,1,cry_cry_0088
ml\muffled_training\processed\non_distress\nd_000453.wav,non_distress,0,noise
ml\muffled_training\generated\muffled_distress\asvp_1b49f625191d_medium.wav,muffled_distress,1,asvp_asvp_1b49f625191d
ml\muffled_training\generated\muffled_distress\asvp_9dfc15b14fd5_light.wav,muffled_distress,1,asvp_asvp_9dfc15b14fd5
ml\muffled_training\generated\muffled_distress\asvp_edb786e14f7a_extreme.wav,muffled_distress,1,asvp_asvp_edb786e14f7a
ml\muffled_training\generated\muffled_distress\asvp_cc51eba53500_medium.wav,muffled_distress,1,asvp_asvp_cc51eba53500
ml\muffled_training\generated\muffled_distress\scream_0104_orig.wav,muffled_distress,1,scream_scream_0104
ml\muffled_training\generated\muffled_distress\asvp_5b2dc839d471_medium.wav,muffled_distress,1,asvp_asvp_5b2dc839d471
ml\muffled_training\processed\non_distress\nd_000147.wav,non_distress,0,normal
ml\muffled_training\generated\muffled_distress\cry_0045_orig.wav,muffled_distress,1,cry_cry_0045
ml\muffled_training\generated\muffled_distress\asvp_ca246817d27a_heavy.wav,muffled_distress,1,asvp_asvp_ca246817d27a
ml\muffled_training\generated\muffled_distress\asvp_3fc0bf468aed_extreme.wav,muffled_distress,1,asvp_asvp_3fc0bf468aed
ml\muffled_training\processed\non_distress\nd_000678.wav,non_distress,0,noise
ml\muffled_training\processed\non_distress\nd_000483.wav,non_distress,0,noise
ml\muffled_training\processed\non_distress\nd_000341.wav,non_distress,0,help
ml\muffled_training\generated\muffled_distress\scream_0091_orig.wav,muffled_distress,1,scream_scream_0091
ml\muffled_training\generated\muffled_distress\asvp_4409468bbfa9_orig.wav,muffled_distress,1,asvp_asvp_4409468bbfa9
ml\muffled_training\processed\non_distress\nd_000491.wav,non_distress,0,noise
ml\muffled_training\processed\non_distress\nd_000325.wav,non_distress,0,help
ml\muffled_training\generated\muffled_distress\asvp_6a10550dbb7c_light.wav,muffled_distress,1,asvp_asvp_6a10550dbb7c
ml\muffled_training\processed\non_distress\nd_000006.wav,non_distress,0,normal
ml\muffled_training\generated\muffled_distress\scream_0043_extreme.wav,muffled_distress,1,scream_scream_0043
ml\muffled_training\processed\non_distress\nd_000348.wav,non_distress,0,help
ml\muffled_training\generated\muffled_distress\scream_0116_orig.wav,muffled_distress,1,scream_scream_0116
ml\muffled_training\generated\muffled_distress\scream_0065_heavy.wav,muffled_distress,1,scream_scream_0065
ml\muffled_training\generated\muffled_distress\asvp_2fb31e5133e4_heavy.wav,muffled_distress,1,asvp_asvp_2fb31e5133e4
ml\muffled_training\processed\non_distress\nd_000400.wav,non_distress,0,help
ml\muffled_training\generated\muffled_distress\asvp_f68032c3af25_light.wav,muffled_distress,1,asvp_asvp_f68032c3af25
ml\muffled_training\generated\muffled_distress\scream_0108_light.wav,muffled_distress,1,scream_scream_0108
ml\muffled_training\generated\muffled_distress\asvp_0834bd71bd0f_light.wav,muffled_distress,1,asvp_asvp_0834bd71bd0f
ml\muffled_training\generated\muffled_distress\asvp_5b2dc839d471_extreme.wav,muffled_distress,1,asvp_asvp_5b2dc839d471
ml\muffled_training\generated\muffled_distress\asvp_08b560382b69_orig.wav,muffled_distress,1,asvp_asvp_08b560382b69
ml\muffled_training\processed\non_distress\nd_000077.wav,non_distress,0,normal
ml\muffled_training\generated\muffled_distress\asvp_3a8ddf873ad7_medium.wav,muffled_distress,1,asvp_asvp_3a8ddf873ad7
ml\muffled_training\generated\muffled_distress\asvp_4409468bbfa9_heavy.wav,muffled_distress,1,asvp_asvp_4409468bbfa9
ml\muffled_training\generated\muffled_distress\asvp_059d166ced03_light.wav,muffled_distress,1,asvp_asvp_059d166ced03
ml\muffled_training\generated\muffled_distress\asvp_ca308bed6c3c_light.wav,muffled_distress,1,asvp_asvp_ca308bed6c3c
ml\muffled_training\generated\muffled_distress\cry_0073_medium.wav,muffled_distress,1,cry_cry_0073
ml\muffled_training\generated\muffled_distress\asvp_9834395b111e_medium.wav,muffled_distress,1,asvp_asvp_9834395b111e
ml\muffled_training\generated\muffled_distress\cry_0058_light.wav,muffled_distress,1,cry_cry_0058
ml\muffled_training\generated\muffled_distress\cry_0012_extreme.wav,muffled_distress,1,cry_cry_0012
ml\muffled_training\processed\non_distress\nd_000439.wav,non_distress,0,noise
ml\muffled_training\generated\muffled_distress\scream_0008_medium.wav,muffled_distress,1,scream_scream_0008
ml\muffled_training\processed\non_distress\nd_000594.wav,non_distress,0,noise
ml\muffled_training\processed\non_distress\nd_000744.wav,non_distress,0,bg
ml\muffled_training\generated\muffled_distress\asvp_e9510404e48b_medium.wav,muffled_distress,1,asvp_asvp_e9510404e48b
ml\muffled_training\generated\muffled_distress\scream_0048_orig.wav,muffled_distress,1,scream_scream_0048
ml\muffled_training\generated\muffled_distress\asvp_86de3b53acef_light.wav,muffled_distress,1,asvp_asvp_86de3b53acef
ml\muffled_training\generated\muffled_distress\asvp_c84f1acf3198_medium.wav,muffled_distress,1,asvp_asvp_c84f1acf3198
ml\muffled_training\processed\non_distress\nd_000272.wav,non_distress,0,normal
ml\muffled_training\generated\muffled_distress\asvp_cb46618d54c9_medium.wav,muffled_distress,1,asvp_asvp_cb46618d54c9
ml\muffled_training\generated\muffled_distress\asvp_070280073624_extreme.wav,muffled_distress,1,asvp_asvp_070280073624
ml\muffled_training\generated\muffled_distress\asvp_95ce5950fc42_medium.wav,muffled_distress,1,asvp_asvp_95ce5950fc42
ml\muffled_training\generated\muffled_distress\scream_0095_light.wav,muffled_distress,1,scream_scream_0095
ml\muffled_training\generated\muffled_distress\scream_0025_medium.wav,muffled_distress,1,scream_scream_0025
ml\muffled_training\generated\muffled_distress\cry_0041_extreme.wav,muffled_distress,1,cry_cry_0041
ml\muffled_training\generated\muffled_distress\asvp_14bab6411562_orig.wav,muffled_distress,1,asvp_asvp_14bab6411562
ml\muffled_training\generated\muffled_distress\scream_0063_light.wav,muffled_distress,1,scream_scream_0063
ml\muffled_training\generated\muffled_distress\scream_0064_light.wav,muffled_distress,1,scream_scream_0064
ml\muffled_training\generated\muffled_distress\cry_0088_heavy.wav,muffled_distress,1,cry_cry_0088
ml\muffled_training\processed\non_distress\nd_000655.wav,non_distress,0,noise
ml\muffled_training\processed\non_distress\nd_000290.wav,non_distress,0,normal
ml\muffled_training\generated\muffled_distress\scream_0070_light.wav,muffled_distress,1,scream_scream_0070
ml\muffled_training\processed\non_distress\nd_000463.wav,non_distress,0,noise
ml\muffled_training\generated\muffled_distress\asvp_62cddd63f8df_medium.wav,muffled_distress,1,asvp_asvp_62cddd63f8df
ml\muffled_training\processed\non_distress\nd_000739.wav,non_distress,0,bg
ml\muffled_training\generated\muffled_distress\cry_0023_orig.wav,muffled_distress,1,cry_cry_0023
ml\muffled_training\generated\muffled_distress\scream_0027_medium.wav,muffled_distress,1,scream_scream_0027
ml\muffled_training\generated\muffled_distress\asvp_11394e735d09_extreme.wav,muffled_distress,1,asvp_asvp_11394e735d09
ml\muffled_training\generated\muffled_distress\asvp_45ac13c46941_medium.wav,muffled_distress,1,asvp_asvp_45ac13c46941
ml\muffled_training\generated\muffled_distress\cry_0116_heavy.wav,muffled_distress,1,cry_cry_0116
ml\muffled_training\generated\muffled_distress\asvp_8b118185bbb7_extreme.wav,muffled_distress,1,asvp_asvp_8b118185bbb7
ml\muffled_training\generated\muffled_distress\scream_0061_orig.wav,muffled_distress,1,scream_scream_0061
ml\muffled_training\processed\non_distress\nd_000007.wav,non_distress,0,normal
ml\muffled_training\generated\muffled_distress\asvp_f7ab681e0d5f_medium.wav,muffled_distress,1,asvp_asvp_f7ab681e0d5f
ml\muffled_training\generated\muffled_distress\asvp_59d18183824d_extreme.wav,muffled_distress,1,asvp_asvp_59d18183824d
ml\muffled_training\generated\muffled_distress\asvp_9f9c7c1dfd1f_orig.wav,muffled_distress,1,asvp_asvp_9f9c7c1dfd1f
ml\muffled_training\generated\muffled_distress\cry_0043_orig.wav,muffled_distress,1,cry_cry_0043
ml\muffled_training\processed\non_distress\nd_000270.wav,non_distress,0,normal
ml\muffled_training\generated\muffled_distress\asvp_be7fd1e6e99b_heavy.wav,muffled_distress,1,asvp_asvp_be7fd1e6e99b
ml\muffled_training\generated\muffled_distress\scream_0004_extreme.wav,muffled_distress,1,scream_scream_0004
ml\muffled_training\processed\non_distress\nd_000504.wav,non_distress,0,noise
ml\muffled_training\generated\muffled_distress\asvp_1093759d4d6b_extreme.wav,muffled_distress,1,asvp_asvp_1093759d4d6b
ml\muffled_training\processed\non_distress\nd_000227.wav,non_distress,0,normal
ml\muffled_training\generated\muffled_distress\cry_0072_light.wav,muffled_distress,1,cry_cry_0072
ml\muffled_training\generated\muffled_distress\cry_0039_heavy.wav,muffled_distress,1,cry_cry_0039
ml\muffled_training\generated\muffled_distress\asvp_d258bb6f2056_extreme.wav,muffled_distress,1,asvp_asvp_d258bb6f2056
ml\muffled_training\generated\muffled_distress\asvp_596763c4ca60_orig.wav,muffled_distress,1,asvp_asvp_596763c4ca60
ml\muffled_training\processed\non_distress\nd_000755.wav,non_distress,0,bg
ml\muffled_training\processed\non_distress\nd_000360.wav,non_distress,0,help
ml\muffled_training\processed\non_distress\nd_000042.wav,non_distress,0,normal
ml\muffled_training\generated\muffled_distress\scream_0006_medium.wav,muffled_distress,1,scream_scream_0006
ml\muffled_training\generated\muffled_distress\asvp_fd60464e8c7d_extreme.wav,muffled_distress,1,asvp_asvp_fd60464e8c7d
ml\muffled_training\generated\muffled_distress\scream_0082_heavy.wav,muffled_distress,1,scream_scream_0082
ml\muffled_training\generated\muffled_distress\scream_0057_heavy.wav,muffled_distress,1,scream_scream_0057
ml\muffled_training\generated\muffled_distress\asvp_d5201c12625a_heavy.wav,muffled_distress,1,asvp_asvp_d5201c12625a
ml\muffled_training\generated\muffled_distress\asvp_28bd0beba904_heavy.wav,muffled_distress,1,asvp_asvp_28bd0beba904
ml\muffled_training\generated\muffled_distress\scream_0060_orig.wav,muffled_distress,1,scream_scream_0060
ml\muffled_training\generated\muffled_distress\asvp_b57d60ee8c3a_light.wav,muffled_distress,1,asvp_asvp_b57d60ee8c3a
ml\muffled_training\processed\non_distress\nd_000742.wav,non_distress,0,bg
ml\muffled_training\generated\muffled_distress\scream_0090_light.wav,muffled_distress,1,scream_scream_0090
ml\muffled_training\generated\muffled_distress\asvp_86be64542eca_light.wav,muffled_distress,1,asvp_asvp_86be64542eca
ml\muffled_training\processed\non_distress\nd_000394.wav,non_distress,0,help
ml\muffled_training\generated\muffled_distress\asvp_a60b157d7ce8_extreme.wav,muffled_distress,1,asvp_asvp_a60b157d7ce8
ml\muffled_training\generated\muffled_distress\cry_0024_heavy.wav,muffled_distress,1,cry_cry_0024
ml\muffled_training\generated\muffled_distress\asvp_992446ad0430_extreme.wav,muffled_distress,1,asvp_asvp_992446ad0430
ml\muffled_training\generated\muffled_distress\scream_0053_orig.wav,muffled_distress,1,scream_scream_0053
ml\muffled_training\generated\muffled_distress\asvp_783659ec1379_heavy.wav,muffled_distress,1,asvp_asvp_783659ec1379
ml\muffled_training\generated\muffled_distress\asvp_433c93fcc314_orig.wav,muffled_distress,1,asvp_asvp_433c93fcc314
ml\muffled_training\generated\muffled_distress\asvp_fd399d441ca5_extreme.wav,muffled_distress,1,asvp_asvp_fd399d441ca5
ml\muffled_training\generated\muffled_distress\cry_0114_heavy.wav,muffled_distress,1,cry_cry_0114
ml\muffled_training\processed\non_distress\nd_000018.wav,non_distress,0,normal
ml\muffled_training\generated\muffled_distress\scream_0008_heavy.wav,muffled_distress,1,scream_scream_0008
ml\muffled_training\generated\muffled_distress\cry_0081_medium.wav,muffled_distress,1,cry_cry_0081
ml\muffled_training\generated\muffled_distress\cry_0035_orig.wav,muffled_distress,1,cry_cry_0035
ml\muffled_training\processed\non_distress\nd_000774.wav,non_distress,0,bg
ml\muffled_training\generated\muffled_distress\asvp_c797c7005900_light.wav,muffled_distress,1,asvp_asvp_c797c7005900
ml\muffled_training\generated\muffled_distress\asvp_26cc7faa7a12_light.wav,muffled_distress,1,asvp_asvp_26cc7faa7a12
ml\muffled_training\generated\muffled_distress\asvp_64e05f520d37_extreme.wav,muffled_distress,1,asvp_asvp_64e05f520d37
ml\muffled_training\generated\muffled_distress\asvp_3f7975ee5a04_light.wav,muffled_distress,1,asvp_asvp_3f7975ee5a04
ml\muffled_training\processed\non_distress\nd_000044.wav,non_distress,0,normal
ml\muffled_training\processed\non_distress\nd_000721.wav,non_distress,0,bg
ml\muffled_training\generated\muffled_distress\asvp_a4cd8c74e5be_extreme.wav,muffled_distress,1,asvp_asvp_a4cd8c74e5be
ml\muffled_training\generated\muffled_distress\asvp_1308a15e2415_orig.wav,muffled_distress,1,asvp_asvp_1308a15e2415
ml\muffled_training\processed\non_distress\nd_000509.wav,non_distress,0,noise
ml\muffled_training\processed\non_distress\nd_000740.wav,non_distress,0,bg
ml\muffled_training\generated\muffled_distress\scream_0103_heavy.wav,muffled_distress,1,scream_scream_0103
ml\muffled_training\generated\muffled_distress\cry_0069_heavy.wav,muffled_distress,1,cry_cry_0069
ml\muffled_training\generated\muffled_distress\scream_0106_extreme.wav,muffled_distress,1,scream_scream_0106
ml\muffled_training\generated\muffled_distress\asvp_969df755a2e4_light.wav,muffled_distress,1,asvp_asvp_969df755a2e4
ml\muffled_training\generated\muffled_distress\scream_0108_medium.wav,muffled_distress,1,scream_scream_0108
ml\muffled_training\generated\muffled_distress\asvp_51a9b5d4f16c_extreme.wav,muffled_distress,1,asvp_asvp_51a9b5d4f16c
ml\muffled_training\generated\muffled_distress\asvp_72fedd72dceb_medium.wav,muffled_distress,1,asvp_asvp_72fedd72dceb
ml\muffled_training\processed\non_distress\nd_000191.wav,non_distress,0,normal
ml\muffled_training\generated\muffled_distress\cry_0073_heavy.wav,muffled_distress,1,cry_cry_0073
ml\muffled_training\generated\muffled_distress\cry_0048_orig.wav,muffled_distress,1,cry_cry_0048
ml\muffled_training\generated\muffled_distress\asvp_b51b86c56255_light.wav,muffled_distress,1,asvp_asvp_b51b86c56255
ml\muffled_training\generated\muffled_distress\scream_0019_orig.wav,muffled_distress,1,scream_scream_0019
ml\muffled_training\generated\muffled_distress\asvp_6f3990c53f7b_heavy.wav,muffled_distress,1,asvp_asvp_6f3990c53f7b
ml\muffled_training\generated\muffled_distress\cry_0113_light.wav,muffled_distress,1,cry_cry_0113
ml\muffled_training\processed\non_distress\nd_000529.wav,non_distress,0,noise
ml\muffled_training\processed\non_distress\nd_000418.wav,non_distress,0,help
ml\muffled_training\generated\muffled_distress\asvp_3d5ad55a0d2d_heavy.wav,muffled_distress,1,asvp_asvp_3d5ad55a0d2d
ml\muffled_training\processed\non_distress\nd_000734.wav,non_distress,0,bg
ml\muffled_training\generated\muffled_distress\scream_0041_heavy.wav,muffled_distress,1,scream_scream_0041
ml\muffled_training\generated\muffled_distress\scream_0012_medium.wav,muffled_distress,1,scream_scream_0012
ml\muffled_training\processed\non_distress\nd_000646.wav,non_distress,0,noise
ml\muffled_training\processed\non_distress\nd_000428.wav,non_distress,0,noise
ml\muffled_training\generated\muffled_distress\scream_0041_extreme.wav,muffled_distress,1,scream_scream_0041
ml\muffled_training\generated\muffled_distress\scream_0084_heavy.wav,muffled_distress,1,scream_scream_0084
ml\muffled_training\generated\muffled_distress\scream_0091_light.wav,muffled_distress,1,scream_scream_0091
ml\muffled_training\generated\muffled_distress\asvp_9f9c7c1dfd1f_light.wav,muffled_distress,1,asvp_asvp_9f9c7c1dfd1f
ml\muffled_training\generated\muffled_distress\cry_0005_orig.wav,muffled_distress,1,cry_cry_0005
ml\muffled_training\generated\muffled_distress\scream_0027_orig.wav,muffled_distress,1,scream_scream_0027
ml\muffled_training\generated\muffled_distress\asvp_4644754f4fe6_medium.wav,muffled_distress,1,asvp_asvp_4644754f4fe6
ml\muffled_training\generated\muffled_distress\scream_0096_light.wav,muffled_distress,1,scream_scream_0096
ml\muffled_training\generated\muffled_distress\asvp_408b73a42f96_medium.wav,muffled_distress,1,asvp_asvp_408b73a42f96
ml\muffled_training\generated\muffled_distress\asvp_d51dbd1816a3_light.wav,muffled_distress,1,asvp_asvp_d51dbd1816a3
ml\muffled_training\processed\non_distress\nd_000264.wav,non_distress,0,normal
ml\muffled_training\generated\muffled_distress\scream_0056_orig.wav,muffled_distress,1,scream_scream_0056
ml\muffled_training\generated\muffled_distress\cry_0025_orig.wav,muffled_distress,1,cry_cry_0025
ml\muffled_training\generated\muffled_distress\scream_0004_orig.wav,muffled_distress,1,scream_scream_0004
ml\muffled_training\generated\muffled_distress\cry_0016_heavy.wav,muffled_distress,1,cry_cry_0016
ml\muffled_training\generated\muffled_distress\asvp_159d766bc72f_heavy.wav,muffled_distress,1,asvp_asvp_159d766bc72f
ml\muffled_training\processed\non_distress\nd_000192.wav,non_distress,0,normal
ml\muffled_training\generated\muffled_distress\asvp_fef8bf2d77e1_orig.wav,muffled_distress,1,asvp_asvp_fef8bf2d77e1
ml\muffled_training\processed\non_distress\nd_000278.wav,non_distress,0,normal
ml\muffled_training\generated\muffled_distress\asvp_4265cbd3d0a7_orig.wav,muffled_distress,1,asvp_asvp_4265cbd3d0a7
ml\muffled_training\generated\muffled_distress\asvp_0b47d5c9db36_heavy.wav,muffled_distress,1,asvp_asvp_0b47d5c9db36
ml\muffled_training\processed\non_distress\nd_000056.wav,non_distress,0,normal
ml\muffled_training\generated\muffled_distress\asvp_5789ddc09889_medium.wav,muffled_distress,1,asvp_asvp_5789ddc09889
ml\muffled_training\generated\muffled_distress\asvp_44136bf9612a_medium.wav,muffled_distress,1,asvp_asvp_44136bf9612a
ml\muffled_training\generated\muffled_distress\asvp_cc51eba53500_heavy.wav,muffled_distress,1,asvp_asvp_cc51eba53500
ml\muffled_training\generated\muffled_distress\asvp_427838713803_orig.wav,muffled_distress,1,asvp_asvp_427838713803
ml\muffled_training\generated\muffled_distress\cry_0020_medium.wav,muffled_distress,1,cry_cry_0020
ml\muffled_training\generated\muffled_distress\asvp_edd852708da7_extreme.wav,muffled_distress,1,asvp_asvp_edd852708da7
ml\muffled_training\processed\non_distress\nd_000122.wav,non_distress,0,normal
ml\muffled_training\generated\muffled_distress\cry_0118_medium.wav,muffled_distress,1,cry_cry_0118
ml\muffled_training\processed\non_distress\nd_000555.wav,non_distress,0,noise
ml\muffled_training\generated\muffled_distress\asvp_20cb3b9fcb61_medium.wav,muffled_distress,1,asvp_asvp_20cb3b9fcb61
ml\muffled_training\generated\muffled_distress\asvp_818dc456021c_orig.wav,muffled_distress,1,asvp_asvp_818dc456021c
ml\muffled_training\generated\muffled_distress\asvp_7083921d3cbc_orig.wav,muffled_distress,1,asvp_asvp_7083921d3cbc
ml\muffled_training\generated\muffled_distress\asvp_e2d5002dbd44_extreme.wav,muffled_distress,1,asvp_asvp_e2d5002dbd44
ml\muffled_training\generated\muffled_distress\asvp_eba49bc929ff_heavy.wav,muffled_distress,1,asvp_asvp_eba49bc929ff
ml\muffled_training\processed\non_distress\nd_000662.wav,non_distress,0,noise
ml\muffled_training\processed\non_distress\nd_000661.wav,non_distress,0,noise
ml\muffled_training\generated\muffled_distress\asvp_c797c7005900_heavy.wav,muffled_distress,1,asvp_asvp_c797c7005900
ml\muffled_training\processed\non_distress\nd_000368.wav,non_distress,0,help
ml\muffled_training\generated\muffled_distress\asvp_1ee66bdafc44_orig.wav,muffled_distress,1,asvp_asvp_1ee66bdafc44
ml\muffled_training\generated\muffled_distress\asvp_7add25370aa0_orig.wav,muffled_distress,1,asvp_asvp_7add25370aa0
ml\muffled_training\processed\non_distress\nd_000760.wav,non_distress,0,bg
ml\muffled_training\generated\muffled_distress\asvp_6b5ee66f820a_heavy.wav,muffled_distress,1,asvp_asvp_6b5ee66f820a
ml\muffled_training\processed\non_distress\nd_000027.wav,non_distress,0,normal
ml\muffled_training\processed\non_distress\nd_000695.wav,non_distress,0,noise
ml\muffled_training\generated\muffled_distress\asvp_c865a2e1cfe0_orig.wav,muffled_distress,1,asvp_asvp_c865a2e1cfe0
ml\muffled_training\generated\muffled_distress\asvp_6f0b27a9717e_medium.wav,muffled_distress,1,asvp_asvp_6f0b27a9717e
ml\muffled_training\generated\muffled_distress\asvp_2753befc8820_orig.wav,muffled_distress,1,asvp_asvp_2753befc8820
ml\muffled_training\generated\muffled_distress\asvp_408b73a42f96_extreme.wav,muffled_distress,1,asvp_asvp_408b73a42f96
ml\muffled_training\generated\muffled_distress\cry_0027_heavy.wav,muffled_distress,1,cry_cry_0027
ml\muffled_training\generated\muffled_distress\asvp_9d001cafd159_heavy.wav,muffled_distress,1,asvp_asvp_9d001cafd159
ml\muffled_training\generated\muffled_distress\cry_0084_orig.wav,muffled_distress,1,cry_cry_0084
ml\muffled_training\generated\muffled_distress\scream_0056_light.wav,muffled_distress,1,scream_scream_0056
ml\muffled_training\generated\muffled_distress\asvp_992446ad0430_orig.wav,muffled_distress,1,asvp_asvp_992446ad0430
ml\muffled_training\generated\muffled_distress\scream_0082_light.wav,muffled_distress,1,scream_scream_0082
ml\muffled_training\processed\non_distress\nd_000079.wav,non_distress,0,normal
ml\muffled_training\processed\non_distress\nd_000680.wav,non_distress,0,noise
ml\muffled_training\generated\muffled_distress\asvp_be3b07e67f7d_orig.wav,muffled_distress,1,asvp_asvp_be3b07e67f7d
ml\muffled_training\generated\muffled_distress\asvp_0242297ec458_heavy.wav,muffled_distress,1,asvp_asvp_0242297ec458
ml\muffled_training\generated\muffled_distress\asvp_b22d7819ec53_light.wav,muffled_distress,1,asvp_asvp_b22d7819ec53
ml\muffled_training\processed\non_distress\nd_000037.wav,non_distress,0,normal
ml\muffled_training\generated\muffled_distress\asvp_f365415aa791_orig.wav,muffled_distress,1,asvp_asvp_f365415aa791
ml\muffled_training\generated\muffled_distress\asvp_a84787c05476_extreme.wav,muffled_distress,1,asvp_asvp_a84787c05476
ml\muffled_training\generated\muffled_distress\cry_0091_medium.wav,muffled_distress,1,cry_cry_0091
ml\muffled_training\generated\muffled_distress\asvp_ff19d56083cd_orig.wav,muffled_distress,1,asvp_asvp_ff19d56083cd
ml\muffled_training\generated\muffled_distress\scream_0070_medium.wav,muffled_distress,1,scream_scream_0070
ml\muffled_training\generated\muffled_distress\cry_0088_orig.wav,muffled_distress,1,cry_cry_0088
ml\muffled_training\generated\muffled_distress\cry_0091_orig.wav,muffled_distress,1,cry_cry_0091
ml\muffled_training\generated\muffled_distress\asvp_0b26a15e8620_light.wav,muffled_distress,1,asvp_asvp_0b26a15e8620
ml\muffled_training\processed\non_distress\nd_000772.wav,non_distress,0,bg
ml\muffled_training\generated\muffled_distress\asvp_1b49f625191d_heavy.wav,muffled_distress,1,asvp_asvp_1b49f625191d
ml\muffled_training\generated\muffled_distress\asvp_1308a15e2415_light.wav,muffled_distress,1,asvp_asvp_1308a15e2415
ml\muffled_training\generated\muffled_distress\cry_0033_heavy.wav,muffled_distress,1,cry_cry_0033
ml\muffled_training\generated\muffled_distress\asvp_f8b991ef8f8b_extreme.wav,muffled_distress,1,asvp_asvp_f8b991ef8f8b
ml\muffled_training\generated\muffled_distress\asvp_6065e1775637_heavy.wav,muffled_distress,1,asvp_asvp_6065e1775637
ml\muffled_training\generated\muffled_distress\scream_0016_extreme.wav,muffled_distress,1,scream_scream_0016
ml\muffled_training\processed\non_distress\nd_000088.wav,non_distress,0,normal
ml\muffled_training\processed\non_distress\nd_000548.wav,non_distress,0,noise
ml\muffled_training\generated\muffled_distress\scream_0066_extreme.wav,muffled_distress,1,scream_scream_0066
ml\muffled_training\generated\muffled_distress\asvp_d629cb32f85d_extreme.wav,muffled_distress,1,asvp_asvp_d629cb32f85d
ml\muffled_training\generated\muffled_distress\cry_0020_orig.wav,muffled_distress,1,cry_cry_0020
ml\muffled_training\generated\muffled_distress\scream_0097_light.wav,muffled_distress,1,scream_scream_0097
ml\muffled_training\generated\muffled_distress\asvp_b509eb2b6c50_extreme.wav,muffled_distress,1,asvp_asvp_b509eb2b6c50
ml\muffled_training\generated\muffled_distress\cry_0021_heavy.wav,muffled_distress,1,cry_cry_0021
ml\muffled_training\processed\non_distress\nd_000085.wav,non_distress,0,normal
ml\muffled_training\generated\muffled_distress\asvp_888f181524c5_light.wav,muffled_distress,1,asvp_asvp_888f181524c5
ml\muffled_training\processed\non_distress\nd_000068.wav,non_distress,0,normal
ml\muffled_training\generated\muffled_distress\scream_0117_extreme.wav,muffled_distress,1,scream_scream_0117
ml\muffled_training\generated\muffled_distress\asvp_46daa4cdada3_light.wav,muffled_distress,1,asvp_asvp_46daa4cdada3
ml\muffled_training\generated\muffled_distress\asvp_466653fa72e9_medium.wav,muffled_distress,1,asvp_asvp_466653fa72e9
ml\muffled_training\processed\non_distress\nd_000480.wav,non_distress,0,noise
ml\muffled_training\generated\muffled_distress\cry_0050_heavy.wav,muffled_distress,1,cry_cry_0050
ml\muffled_training\generated\muffled_distress\asvp_4bc3102bc695_orig.wav,muffled_distress,1,asvp_asvp_4bc3102bc695
ml\muffled_training\generated\muffled_distress\scream_0098_heavy.wav,muffled_distress,1,scream_scream_0098
ml\muffled_training\generated\muffled_distress\asvp_f4f80800ff70_orig.wav,muffled_distress,1,asvp_asvp_f4f80800ff70
ml\muffled_training\generated\muffled_distress\asvp_5b49430aa383_light.wav,muffled_distress,1,asvp_asvp_5b49430aa383
ml\muffled_training\generated\muffled_distress\scream_0020_heavy.wav,muffled_distress,1,scream_scream_0020
ml\muffled_training\processed\non_distress\nd_000757.wav,non_distress,0,bg
ml\muffled_training\processed\non_distress\nd_000534.wav,non_distress,0,noise
ml\muffled_training\generated\muffled_distress\asvp_a04e91bdb662_light.wav,muffled_distress,1,asvp_asvp_a04e91bdb662
ml\muffled_training\processed\non_distress\nd_000606.wav,non_distress,0,noise
ml\muffled_training\generated\muffled_distress\cry_0080_orig.wav,muffled_distress,1,cry_cry_0080
ml\muffled_training\generated\muffled_distress\asvp_73860d27d2f7_extreme.wav,muffled_distress,1,asvp_asvp_73860d27d2f7
ml\muffled_training\generated\muffled_distress\cry_0030_orig.wav,muffled_distress,1,cry_cry_0030
ml\muffled_training\generated\muffled_distress\cry_0056_light.wav,muffled_distress,1,cry_cry_0056
ml\muffled_training\generated\muffled_distress\cry_0059_extreme.wav,muffled_distress,1,cry_cry_0059
ml\muffled_training\generated\muffled_distress\asvp_d3d608f0de34_light.wav,muffled_distress,1,asvp_asvp_d3d608f0de34
ml\muffled_training\generated\muffled_distress\cry_0022_medium.wav,muffled_distress,1,cry_cry_0022
ml\muffled_training\generated\muffled_distress\cry_0006_extreme.wav,muffled_distress,1,cry_cry_0006
ml\muffled_training\generated\muffled_distress\asvp_84c55fb7fd41_heavy.wav,muffled_distress,1,asvp_asvp_84c55fb7fd41
ml\muffled_training\generated\muffled_distress\scream_0015_extreme.wav,muffled_distress,1,scream_scream_0015
ml\muffled_training\generated\muffled_distress\cry_0017_orig.wav,muffled_distress,1,cry_cry_0017
ml\muffled_training\generated\muffled_distress\asvp_6065e1775637_extreme.wav,muffled_distress,1,asvp_asvp_6065e1775637
ml\muffled_training\processed\non_distress\nd_000266.wav,non_distress,0,normal
ml\muffled_training\generated\muffled_distress\scream_0011_medium.wav,muffled_distress,1,scream_scream_0011
ml\muffled_training\generated\muffled_distress\scream_0087_heavy.wav,muffled_distress,1,scream_scream_0087
ml\muffled_training\processed\non_distress\nd_000457.wav,non_distress,0,noise
ml\muffled_training\generated\muffled_distress\asvp_a4cd8c74e5be_light.wav,muffled_distress,1,asvp_asvp_a4cd8c74e5be
ml\muffled_training\generated\muffled_distress\scream_0029_medium.wav,muffled_distress,1,scream_scream_0029
ml\muffled_training\generated\muffled_distress\cry_0052_heavy.wav,muffled_distress,1,cry_cry_0052
ml\muffled_training\generated\muffled_distress\asvp_d64df450d4c6_heavy.wav,muffled_distress,1,asvp_asvp_d64df450d4c6
ml\muffled_training\generated\muffled_distress\asvp_466653fa72e9_orig.wav,muffled_distress,1,asvp_asvp_466653fa72e9
ml\muffled_training\generated\muffled_distress\scream_0093_heavy.wav,muffled_distress,1,scream_scream_0093
ml\muffled_training\processed\non_distress\nd_000701.wav,non_distress,0,noise
ml\muffled_training\generated\muffled_distress\asvp_4e497d4ee524_extreme.wav,muffled_distress,1,asvp_asvp_4e497d4ee524
ml\muffled_training\processed\non_distress\nd_000235.wav,non_distress,0,normal
ml\muffled_training\processed\non_distress\nd_000245.wav,non_distress,0,normal
ml\muffled_training\generated\muffled_distress\scream_0107_extreme.wav,muffled_distress,1,scream_scream_0107
ml\muffled_training\generated\muffled_distress\cry_0091_extreme.wav,muffled_distress,1,cry_cry_0091
ml\muffled_training\generated\muffled_distress\asvp_72fedd72dceb_light.wav,muffled_distress,1,asvp_asvp_72fedd72dceb
ml\muffled_training\generated\muffled_distress\asvp_bcdf3f6cc648_light.wav,muffled_distress,1,asvp_asvp_bcdf3f6cc648
ml\muffled_training\generated\muffled_distress\cry_0090_light.wav,muffled_distress,1,cry_cry_0090
ml\muffled_training\generated\muffled_distress\scream_0115_orig.wav,muffled_distress,1,scream_scream_0115
ml\muffled_training\generated\muffled_distress\asvp_c49ee1b491c5_medium.wav,muffled_distress,1,asvp_asvp_c49ee1b491c5
ml\muffled_training\generated\muffled_distress\scream_0031_orig.wav,muffled_distress,1,scream_scream_0031
ml\muffled_training\generated\muffled_distress\asvp_e9510404e48b_light.wav,muffled_distress,1,asvp_asvp_e9510404e48b
ml\muffled_training\processed\non_distress\nd_000138.wav,non_distress,0,normal
ml\muffled_training\generated\muffled_distress\cry_0087_orig.wav,muffled_distress,1,cry_cry_0087
ml\muffled_training\processed\non_distress\nd_000001.wav,non_distress,0,normal
ml\muffled_training\generated\muffled_distress\asvp_e7109cf564e4_extreme.wav,muffled_distress,1,asvp_asvp_e7109cf564e4
ml\muffled_training\processed\non_distress\nd_000782.wav,non_distress,0,bg
ml\muffled_training\generated\muffled_distress\scream_0006_orig.wav,muffled_distress,1,scream_scream_0006
ml\muffled_training\generated\muffled_distress\asvp_9dfc15b14fd5_orig.wav,muffled_distress,1,asvp_asvp_9dfc15b14fd5
ml\muffled_training\generated\muffled_distress\asvp_ab9a5bd652f4_medium.wav,muffled_distress,1,asvp_asvp_ab9a5bd652f4
ml\muffled_training\generated\muffled_distress\scream_0013_extreme.wav,muffled_distress,1,scream_scream_0013
ml\muffled_training\generated\muffled_distress\asvp_d5201c12625a_extreme.wav,muffled_distress,1,asvp_asvp_d5201c12625a
ml\muffled_training\generated\muffled_distress\asvp_888f181524c5_orig.wav,muffled_distress,1,asvp_asvp_888f181524c5
ml\muffled_training\generated\muffled_distress\asvp_341734340689_orig.wav,muffled_distress,1,asvp_asvp_341734340689
ml\muffled_training\generated\muffled_distress\scream_0017_heavy.wav,muffled_distress,1,scream_scream_0017
ml\muffled_training\generated\muffled_distress\asvp_66c27fb1286b_medium.wav,muffled_distress,1,asvp_asvp_66c27fb1286b
ml\muffled_training\processed\non_distress\nd_000097.wav,non_distress,0,normal
ml\muffled_training\generated\muffled_distress\cry_0019_heavy.wav,muffled_distress,1,cry_cry_0019
ml\muffled_training\generated\muffled_distress\asvp_408b73a42f96_orig.wav,muffled_distress,1,asvp_asvp_408b73a42f96
ml\muffled_training\generated\muffled_distress\asvp_26cc7faa7a12_orig.wav,muffled_distress,1,asvp_asvp_26cc7faa7a12
ml\muffled_training\generated\muffled_distress\scream_0009_extreme.wav,muffled_distress,1,scream_scream_0009
ml\muffled_training\generated\muffled_distress\asvp_4c349ae8a819_light.wav,muffled_distress,1,asvp_asvp_4c349ae8a819
ml\muffled_training\processed\non_distress\nd_000279.wav,non_distress,0,normal
ml\muffled_training\generated\muffled_distress\cry_0093_heavy.wav,muffled_distress,1,cry_cry_0093
ml\muffled_training\generated\muffled_distress\cry_0059_light.wav,muffled_distress,1,cry_cry_0059
ml\muffled_training\generated\muffled_distress\cry_0117_heavy.wav,muffled_distress,1,cry_cry_0117
ml\muffled_training\generated\muffled_distress\asvp_a04e91bdb662_heavy.wav,muffled_distress,1,asvp_asvp_a04e91bdb662
ml\muffled_training\generated\muffled_distress\scream_0011_orig.wav,muffled_distress,1,scream_scream_0011
ml\muffled_training\generated\muffled_distress\asvp_46a96d0c7a65_light.wav,muffled_distress,1,asvp_asvp_46a96d0c7a65
ml\muffled_training\generated\muffled_distress\asvp_596763c4ca60_heavy.wav,muffled_distress,1,asvp_asvp_596763c4ca60
ml\muffled_training\processed\non_distress\nd_000165.wav,non_distress,0,normal
ml\muffled_training\generated\muffled_distress\cry_0025_extreme.wav,muffled_distress,1,cry_cry_0025
ml\muffled_training\processed\non_distress\nd_000806.wav,non_distress,0,bg
ml\muffled_training\generated\muffled_distress\asvp_d9e080026457_heavy.wav,muffled_distress,1,asvp_asvp_d9e080026457
ml\muffled_training\generated\muffled_distress\asvp_257c90e9bb75_extreme.wav,muffled_distress,1,asvp_asvp_257c90e9bb75
ml\muffled_training\generated\muffled_distress\asvp_6f0b27a9717e_heavy.wav,muffled_distress,1,asvp_asvp_6f0b27a9717e
ml\muffled_training\generated\muffled_distress\asvp_7d612ea64e63_extreme.wav,muffled_distress,1,asvp_asvp_7d612ea64e63
ml\muffled_training\generated\muffled_distress\asvp_0423374011bc_extreme.wav,muffled_distress,1,asvp_asvp_0423374011bc
ml\muffled_training\generated\muffled_distress\asvp_9f990a579304_medium.wav,muffled_distress,1,asvp_asvp_9f990a579304
ml\muffled_training\generated\muffled_distress\asvp_6408d664d346_heavy.wav,muffled_distress,1,asvp_asvp_6408d664d346
ml\muffled_training\generated\muffled_distress\asvp_c7fbb208bd19_medium.wav,muffled_distress,1,asvp_asvp_c7fbb208bd19
ml\muffled_training\processed\non_distress\nd_000834.wav,non_distress,0,bg
ml\muffled_training\generated\muffled_distress\cry_0093_medium.wav,muffled_distress,1,cry_cry_0093
ml\muffled_training\processed\non_distress\nd_000268.wav,non_distress,0,normal
ml\muffled_training\generated\muffled_distress\cry_0066_orig.wav,muffled_distress,1,cry_cry_0066
ml\muffled_training\generated\muffled_distress\asvp_6fe837464b5a_heavy.wav,muffled_distress,1,asvp_asvp_6fe837464b5a
ml\muffled_training\generated\muffled_distress\asvp_6408d664d346_medium.wav,muffled_distress,1,asvp_asvp_6408d664d346
ml\muffled_training\generated\muffled_distress\asvp_83dcaa55f69c_extreme.wav,muffled_distress,1,asvp_asvp_83dcaa55f69c
ml\muffled_training\generated\muffled_distress\scream_0083_orig.wav,muffled_distress,1,scream_scream_0083
ml\muffled_training\generated\muffled_distress\cry_0023_medium.wav,muffled_distress,1,cry_cry_0023
ml\muffled_training\generated\muffled_distress\asvp_f8b991ef8f8b_light.wav,muffled_distress,1,asvp_asvp_f8b991ef8f8b
ml\muffled_training\processed\non_distress\nd_000255.wav,non_distress,0,normal
ml\muffled_training\generated\muffled_distress\cry_0000_orig.wav,muffled_distress,1,cry_cry_0000
ml\muffled_training\generated\muffled_distress\asvp_32abd0d1e8e8_orig.wav,muffled_distress,1,asvp_asvp_32abd0d1e8e8
ml\muffled_training\generated\muffled_distress\scream_0000_extreme.wav,muffled_distress,1,scream_scream_0000
ml\muffled_training\generated\muffled_distress\asvp_f9a8df7adea9_extreme.wav,muffled_distress,1,asvp_asvp_f9a8df7adea9
ml\muffled_training\generated\muffled_distress\asvp_9f990a579304_orig.wav,muffled_distress,1,asvp_asvp_9f990a579304
ml\muffled_training\generated\muffled_distress\cry_0089_heavy.wav,muffled_distress,1,cry_cry_0089
ml\muffled_training\generated\muffled_distress\scream_0047_light.wav,muffled_distress,1,scream_scream_0047
ml\muffled_training\processed\non_distress\nd_000054.wav,non_distress,0,normal
ml\muffled_training\generated\muffled_distress\scream_0044_light.wav,muffled_distress,1,scream_scream_0044
ml\muffled_training\generated\muffled_distress\asvp_0b2757e10f76_medium.wav,muffled_distress,1,asvp_asvp_0b2757e10f76
ml\muffled_training\generated\muffled_distress\cry_0092_extreme.wav,muffled_distress,1,cry_cry_0092
ml\muffled_training\generated\muffled_distress\scream_0071_orig.wav,muffled_distress,1,scream_scream_0071
ml\muffled_training\generated\muffled_distress\asvp_ae99b8091705_medium.wav,muffled_distress,1,asvp_asvp_ae99b8091705
ml\muffled_training\generated\muffled_distress\asvp_42569d78a56c_medium.wav,muffled_distress,1,asvp_asvp_42569d78a56c
ml\muffled_training\generated\muffled_distress\asvp_30b6f7dc8347_orig.wav,muffled_distress,1,asvp_asvp_30b6f7dc8347
ml\muffled_training\generated\muffled_distress\asvp_7cfd0964c7bc_heavy.wav,muffled_distress,1,asvp_asvp_7cfd0964c7bc
ml\muffled_training\generated\muffled_distress\scream_0118_extreme.wav,muffled_distress,1,scream_scream_0118
ml\muffled_training\generated\muffled_distress\asvp_fd60464e8c7d_orig.wav,muffled_distress,1,asvp_asvp_fd60464e8c7d
ml\muffled_training\generated\muffled_distress\cry_0036_light.wav,muffled_distress,1,cry_cry_0036
ml\muffled_training\generated\muffled_distress\asvp_84c55fb7fd41_light.wav,muffled_distress,1,asvp_asvp_84c55fb7fd41
ml\muffled_training\generated\muffled_distress\scream_0097_extreme.wav,muffled_distress,1,scream_scream_0097
ml\muffled_training\processed\non_distress\nd_000121.wav,non_distress,0,normal
ml\muffled_training\generated\muffled_distress\asvp_283b13fb0d68_heavy.wav,muffled_distress,1,asvp_asvp_283b13fb0d68
ml\muffled_training\processed\non_distress\nd_000129.wav,non_distress,0,normal
ml\muffled_training\processed\non_distress\nd_000131.wav,non_distress,0,normal
ml\muffled_training\generated\muffled_distress\scream_0074_extreme.wav,muffled_distress,1,scream_scream_0074
ml\muffled_training\generated\muffled_distress\asvp_ac588e458d69_medium.wav,muffled_distress,1,asvp_asvp_ac588e458d69
ml\muffled_training\processed\non_distress\nd_000156.wav,non_distress,0,normal
ml\muffled_training\generated\muffled_distress\scream_0070_extreme.wav,muffled_distress,1,scream_scream_0070
ml\muffled_training\generated\muffled_distress\asvp_608fd7353d05_light.wav,muffled_distress,1,asvp_asvp_608fd7353d05
ml\muffled_training\processed\non_distress\nd_000370.wav,non_distress,0,help
ml\muffled_training\generated\muffled_distress\scream_0085_extreme.wav,muffled_distress,1,scream_scream_0085
ml\muffled_training\generated\muffled_distress\scream_0056_extreme.wav,muffled_distress,1,scream_scream_0056
ml\muffled_training\processed\non_distress\nd_000253.wav,non_distress,0,normal
ml\muffled_training\processed\non_distress\nd_000409.wav,non_distress,0,help
ml\muffled_training\generated\muffled_distress\asvp_0ef2d99c5dc1_extreme.wav,muffled_distress,1,asvp_asvp_0ef2d99c5dc1
ml\muffled_training\generated\muffled_distress\scream_0080_light.wav,muffled_distress,1,scream_scream_0080
ml\muffled_training\generated\muffled_distress\asvp_0bb04b696483_medium.wav,muffled_distress,1,asvp_asvp_0bb04b696483
ml\muffled_training\generated\muffled_distress\asvp_ce720b249226_extreme.wav,muffled_distress,1,asvp_asvp_ce720b249226
ml\muffled_training\generated\muffled_distress\asvp_86de3b53acef_orig.wav,muffled_distress,1,asvp_asvp_86de3b53acef
ml\muffled_training\generated\muffled_distress\asvp_7cfd0964c7bc_extreme.wav,muffled_distress,1,asvp_asvp_7cfd0964c7bc
ml\muffled_training\generated\muffled_distress\scream_0030_medium.wav,muffled_distress,1,scream_scream_0030
ml\muffled_training\generated\muffled_distress\cry_0118_orig.wav,muffled_distress,1,cry_cry_0118
ml\muffled_training\generated\muffled_distress\asvp_8d476f1b979d_medium.wav,muffled_distress,1,asvp_asvp_8d476f1b979d
ml\muffled_training\generated\muffled_distress\asvp_257c90e9bb75_orig.wav,muffled_distress,1,asvp_asvp_257c90e9bb75
ml\muffled_training\generated\muffled_distress\asvp_0242297ec458_light.wav,muffled_distress,1,asvp_asvp_0242297ec458
ml\muffled_training\processed\non_distress\nd_000402.wav,non_distress,0,help
ml\muffled_training\generated\muffled_distress\asvp_fef8bf2d77e1_medium.wav,muffled_distress,1,asvp_asvp_fef8bf2d77e1
ml\muffled_training\processed\non_distress\nd_000456.wav,non_distress,0,noise
ml\muffled_training\generated\muffled_distress\asvp_a84787c05476_heavy.wav,muffled_distress,1,asvp_asvp_a84787c05476
ml\muffled_training\processed\non_distress\nd_000357.wav,non_distress,0,help
ml\muffled_training\processed\non_distress\nd_000342.wav,non_distress,0,help
ml\muffled_training\generated\muffled_distress\asvp_0d435513beab_extreme.wav,muffled_distress,1,asvp_asvp_0d435513beab
ml\muffled_training\generated\muffled_distress\cry_0115_heavy.wav,muffled_distress,1,cry_cry_0115
ml\muffled_training\generated\muffled_distress\asvp_cc0218d09d5d_extreme.wav,muffled_distress,1,asvp_asvp_cc0218d09d5d
ml\muffled_training\generated\muffled_distress\cry_0107_extreme.wav,muffled_distress,1,cry_cry_0107
ml\muffled_training\generated\muffled_distress\cry_0036_orig.wav,muffled_distress,1,cry_cry_0036
ml\muffled_training\generated\muffled_distress\cry_0039_light.wav,muffled_distress,1,cry_cry_0039
ml\muffled_training\generated\muffled_distress\asvp_ad30c4cd737f_orig.wav,muffled_distress,1,asvp_asvp_ad30c4cd737f
ml\muffled_training\generated\muffled_distress\asvp_84c55fb7fd41_orig.wav,muffled_distress,1,asvp_asvp_84c55fb7fd41
ml\muffled_training\generated\muffled_distress\cry_0066_heavy.wav,muffled_distress,1,cry_cry_0066
ml\muffled_training\processed\non_distress\nd_000720.wav,non_distress,0,bg
ml\muffled_training\processed\non_distress\nd_000675.wav,non_distress,0,noise
ml\muffled_training\generated\muffled_distress\cry_0098_medium.wav,muffled_distress,1,cry_cry_0098
ml\muffled_training\generated\muffled_distress\asvp_a8ac52d2687a_light.wav,muffled_distress,1,asvp_asvp_a8ac52d2687a
ml\muffled_training\processed\non_distress\nd_000451.wav,non_distress,0,noise
ml\muffled_training\generated\muffled_distress\scream_0107_orig.wav,muffled_distress,1,scream_scream_0107
ml\muffled_training\processed\non_distress\nd_000164.wav,non_distress,0,normal
ml\muffled_training\processed\non_distress\nd_000759.wav,non_distress,0,bg
ml\muffled_training\generated\muffled_distress\asvp_4028cbc3033c_heavy.wav,muffled_distress,1,asvp_asvp_4028cbc3033c
ml\muffled_training\generated\muffled_distress\cry_0020_light.wav,muffled_distress,1,cry_cry_0020
ml\muffled_training\generated\muffled_distress\asvp_ca387fe89ac5_heavy.wav,muffled_distress,1,asvp_asvp_ca387fe89ac5
ml\muffled_training\processed\non_distress\nd_000026.wav,non_distress,0,normal
ml\muffled_training\generated\muffled_distress\asvp_f723bedb398d_orig.wav,muffled_distress,1,asvp_asvp_f723bedb398d
ml\muffled_training\generated\muffled_distress\asvp_4ff6f8201a41_heavy.wav,muffled_distress,1,asvp_asvp_4ff6f8201a41
ml\muffled_training\generated\muffled_distress\asvp_89182cd8558d_light.wav,muffled_distress,1,asvp_asvp_89182cd8558d
ml\muffled_training\generated\muffled_distress\asvp_823b4757b6fa_light.wav,muffled_distress,1,asvp_asvp_823b4757b6fa
ml\muffled_training\processed\non_distress\nd_000371.wav,non_distress,0,help
ml\muffled_training\generated\muffled_distress\asvp_0ef2d99c5dc1_heavy.wav,muffled_distress,1,asvp_asvp_0ef2d99c5dc1
ml\muffled_training\generated\muffled_distress\asvp_20cb3b9fcb61_heavy.wav,muffled_distress,1,asvp_asvp_20cb3b9fcb61
ml\muffled_training\generated\muffled_distress\asvp_2c257f62c4ca_heavy.wav,muffled_distress,1,asvp_asvp_2c257f62c4ca
ml\muffled_training\generated\muffled_distress\cry_0060_orig.wav,muffled_distress,1,cry_cry_0060
ml\muffled_training\processed\non_distress\nd_000291.wav,non_distress,0,normal
ml\muffled_training\generated\muffled_distress\asvp_59d18183824d_medium.wav,muffled_distress,1,asvp_asvp_59d18183824d
ml\muffled_training\generated\muffled_distress\asvp_28bd0beba904_orig.wav,muffled_distress,1,asvp_asvp_28bd0beba904
ml\muffled_training\generated\muffled_distress\asvp_9d001cafd159_orig.wav,muffled_distress,1,asvp_asvp_9d001cafd159
ml\muffled_training\generated\muffled_distress\cry_0041_orig.wav,muffled_distress,1,cry_cry_0041
ml\muffled_training\generated\muffled_distress\asvp_f7d0ec19861a_medium.wav,muffled_distress,1,asvp_asvp_f7d0ec19861a
ml\muffled_training\generated\muffled_distress\asvp_252fd76f0f31_medium.wav,muffled_distress,1,asvp_asvp_252fd76f0f31
ml\muffled_training\generated\muffled_distress\asvp_f27d9bdd127e_light.wav,muffled_distress,1,asvp_asvp_f27d9bdd127e
ml\muffled_training\generated\muffled_distress\asvp_b288e537c212_extreme.wav,muffled_distress,1,asvp_asvp_b288e537c212
ml\muffled_training\generated\muffled_distress\scream_0102_extreme.wav,muffled_distress,1,scream_scream_0102
ml\muffled_training\generated\muffled_distress\scream_0095_orig.wav,muffled_distress,1,scream_scream_0095
ml\muffled_training\processed\non_distress\nd_000319.wav,non_distress,0,help
ml\muffled_training\generated\muffled_distress\asvp_73860d27d2f7_medium.wav,muffled_distress,1,asvp_asvp_73860d27d2f7
ml\muffled_training\processed\non_distress\nd_000800.wav,non_distress,0,bg
ml\muffled_training\generated\muffled_distress\asvp_66c27fb1286b_orig.wav,muffled_distress,1,asvp_asvp_66c27fb1286b
ml\muffled_training\generated\muffled_distress\cry_0013_medium.wav,muffled_distress,1,cry_cry_0013
ml\muffled_training\generated\muffled_distress\asvp_d3d608f0de34_medium.wav,muffled_distress,1,asvp_asvp_d3d608f0de34
ml\muffled_training\generated\muffled_distress\scream_0042_medium.wav,muffled_distress,1,scream_scream_0042
ml\muffled_training\processed\non_distress\nd_000012.wav,non_distress,0,normal
ml\muffled_training\generated\muffled_distress\cry_0109_light.wav,muffled_distress,1,cry_cry_0109
ml\muffled_training\generated\muffled_distress\asvp_a34f599c7792_light.wav,muffled_distress,1,asvp_asvp_a34f599c7792
ml\muffled_training\generated\muffled_distress\scream_0089_medium.wav,muffled_distress,1,scream_scream_0089
ml\muffled_training\generated\muffled_distress\cry_0054_orig.wav,muffled_distress,1,cry_cry_0054
ml\muffled_training\processed\non_distress\nd_000399.wav,non_distress,0,help
ml\muffled_training\processed\non_distress\nd_000822.wav,non_distress,0,bg
ml\muffled_training\generated\muffled_distress\asvp_16569995f3ee_extreme.wav,muffled_distress,1,asvp_asvp_16569995f3ee
ml\muffled_training\generated\muffled_distress\asvp_9834395b111e_heavy.wav,muffled_distress,1,asvp_asvp_9834395b111e
ml\muffled_training\generated\muffled_distress\asvp_63b857aab34a_extreme.wav,muffled_distress,1,asvp_asvp_63b857aab34a
ml\muffled_training\generated\muffled_distress\scream_0083_medium.wav,muffled_distress,1,scream_scream_0083
ml\muffled_training\generated\muffled_distress\asvp_4e497d4ee524_light.wav,muffled_distress,1,asvp_asvp_4e497d4ee524
ml\muffled_training\generated\muffled_distress\asvp_a297a55765be_extreme.wav,muffled_distress,1,asvp_asvp_a297a55765be
ml\muffled_training\generated\muffled_distress\asvp_6491c62c9b8e_heavy.wav,muffled_distress,1,asvp_asvp_6491c62c9b8e
ml\muffled_training\generated\muffled_distress\asvp_608fd7353d05_heavy.wav,muffled_distress,1,asvp_asvp_608fd7353d05
ml\muffled_training\processed\non_distress\nd_000244.wav,non_distress,0,normal
ml\muffled_training\generated\muffled_distress\asvp_a86d982cff44_extreme.wav,muffled_distress,1,asvp_asvp_a86d982cff44
ml\muffled_training\generated\muffled_distress\cry_0108_heavy.wav,muffled_distress,1,cry_cry_0108
ml\muffled_training\processed\non_distress\nd_000641.wav,non_distress,0,noise
ml\muffled_training\generated\muffled_distress\cry_0011_extreme.wav,muffled_distress,1,cry_cry_0011
ml\muffled_training\generated\muffled_distress\asvp_ca246817d27a_light.wav,muffled_distress,1,asvp_asvp_ca246817d27a
ml\muffled_training\generated\muffled_distress\asvp_4409468bbfa9_light.wav,muffled_distress,1,asvp_asvp_4409468bbfa9
ml\muffled_training\processed\non_distress\nd_000414.wav,non_distress,0,help
ml\muffled_training\generated\muffled_distress\asvp_ca387fe89ac5_light.wav,muffled_distress,1,asvp_asvp_ca387fe89ac5
ml\muffled_training\generated\muffled_distress\cry_0098_light.wav,muffled_distress,1,cry_cry_0098
ml\muffled_training\generated\muffled_distress\scream_0095_medium.wav,muffled_distress,1,scream_scream_0095
ml\muffled_training\generated\muffled_distress\asvp_070280073624_heavy.wav,muffled_distress,1,asvp_asvp_070280073624
ml\muffled_training\generated\muffled_distress\cry_0064_heavy.wav,muffled_distress,1,cry_cry_0064
ml\muffled_training\generated\muffled_distress\cry_0074_heavy.wav,muffled_distress,1,cry_cry_0074
ml\muffled_training\generated\muffled_distress\asvp_7083921d3cbc_light.wav,muffled_distress,1,asvp_asvp_7083921d3cbc
ml\muffled_training\generated\muffled_distress\asvp_f59628711037_extreme.wav,muffled_distress,1,asvp_asvp_f59628711037
ml\muffled_training\generated\muffled_distress\asvp_d72d668a0106_heavy.wav,muffled_distress,1,asvp_asvp_d72d668a0106
ml\muffled_training\generated\muffled_distress\scream_0110_orig.wav,muffled_distress,1,scream_scream_0110
ml\muffled_training\generated\muffled_distress\cry_0040_orig.wav,muffled_distress,1,cry_cry_0040
ml\muffled_training\generated\muffled_distress\asvp_cb46618d54c9_extreme.wav,muffled_distress,1,asvp_asvp_cb46618d54c9
ml\muffled_training\generated\muffled_distress\asvp_cef1e70eab93_medium.wav,muffled_distress,1,asvp_asvp_cef1e70eab93
ml\muffled_training\generated\muffled_distress\asvp_390996f298d2_orig.wav,muffled_distress,1,asvp_asvp_390996f298d2
ml\muffled_training\generated\muffled_distress\scream_0010_orig.wav,muffled_distress,1,scream_scream_0010
ml\muffled_training\generated\muffled_distress\cry_0047_light.wav,muffled_distress,1,cry_cry_0047
ml\muffled_training\processed\non_distress\nd_000322.wav,non_distress,0,help
ml\muffled_training\generated\muffled_distress\asvp_d51dbd1816a3_heavy.wav,muffled_distress,1,asvp_asvp_d51dbd1816a3
ml\muffled_training\generated\muffled_distress\cry_0070_heavy.wav,muffled_distress,1,cry_cry_0070
ml\muffled_training\generated\muffled_distress\cry_0119_orig.wav,muffled_distress,1,cry_cry_0119
ml\muffled_training\generated\muffled_distress\asvp_e812819abaa0_light.wav,muffled_distress,1,asvp_asvp_e812819abaa0
ml\muffled_training\generated\muffled_distress\asvp_f7d0ec19861a_orig.wav,muffled_distress,1,asvp_asvp_f7d0ec19861a
ml\muffled_training\generated\muffled_distress\asvp_c49ee1b491c5_heavy.wav,muffled_distress,1,asvp_asvp_c49ee1b491c5
ml\muffled_training\generated\muffled_distress\asvp_dfbc8c7091f0_orig.wav,muffled_distress,1,asvp_asvp_dfbc8c7091f0
ml\muffled_training\generated\muffled_distress\asvp_413f8b92c55e_medium.wav,muffled_distress,1,asvp_asvp_413f8b92c55e
ml\muffled_training\generated\muffled_distress\asvp_51a9b5d4f16c_heavy.wav,muffled_distress,1,asvp_asvp_51a9b5d4f16c
ml\muffled_training\processed\non_distress\nd_000728.wav,non_distress,0,bg
ml\muffled_training\generated\muffled_distress\cry_0054_medium.wav,muffled_distress,1,cry_cry_0054
ml\muffled_training\generated\muffled_distress\asvp_b509eb2b6c50_medium.wav,muffled_distress,1,asvp_asvp_b509eb2b6c50
ml\muffled_training\generated\muffled_distress\asvp_73860d27d2f7_heavy.wav,muffled_distress,1,asvp_asvp_73860d27d2f7
ml\muffled_training\generated\muffled_distress\asvp_466653fa72e9_light.wav,muffled_distress,1,asvp_asvp_466653fa72e9
ml\muffled_training\generated\muffled_distress\asvp_6b5ee66f820a_orig.wav,muffled_distress,1,asvp_asvp_6b5ee66f820a
ml\muffled_training\generated\muffled_distress\cry_0031_medium.wav,muffled_distress,1,cry_cry_0031
ml\muffled_training\generated\muffled_distress\asvp_36f2529e777c_medium.wav,muffled_distress,1,asvp_asvp_36f2529e777c
ml\muffled_training\generated\muffled_distress\asvp_64bb5c23ce49_medium.wav,muffled_distress,1,asvp_asvp_64bb5c23ce49
ml\muffled_training\generated\muffled_distress\cry_0076_extreme.wav,muffled_distress,1,cry_cry_0076
ml\muffled_training\processed\non_distress\nd_000145.wav,non_distress,0,normal
ml\muffled_training\processed\non_distress\nd_000622.wav,non_distress,0,noise
ml\muffled_training\processed\non_distress\nd_000287.wav,non_distress,0,normal
ml\muffled_training\generated\muffled_distress\scream_0113_orig.wav,muffled_distress,1,scream_scream_0113
ml\muffled_training\generated\muffled_distress\scream_0102_medium.wav,muffled_distress,1,scream_scream_0102
ml\muffled_training\processed\non_distress\nd_000004.wav,non_distress,0,normal
ml\muffled_training\processed\non_distress\nd_000685.wav,non_distress,0,noise
ml\muffled_training\generated\muffled_distress\asvp_ce720b249226_heavy.wav,muffled_distress,1,asvp_asvp_ce720b249226
ml\muffled_training\generated\muffled_distress\asvp_e2d5002dbd44_orig.wav,muffled_distress,1,asvp_asvp_e2d5002dbd44
ml\muffled_training\generated\muffled_distress\scream_0105_light.wav,muffled_distress,1,scream_scream_0105
ml\muffled_training\processed\non_distress\nd_000579.wav,non_distress,0,noise
ml\muffled_training\generated\muffled_distress\asvp_73860d27d2f7_orig.wav,muffled_distress,1,asvp_asvp_73860d27d2f7
ml\muffled_training\generated\muffled_distress\asvp_b416b6848e6a_extreme.wav,muffled_distress,1,asvp_asvp_b416b6848e6a
ml\muffled_training\generated\muffled_distress\scream_0013_orig.wav,muffled_distress,1,scream_scream_0013
ml\muffled_training\generated\muffled_distress\asvp_f59628711037_light.wav,muffled_distress,1,asvp_asvp_f59628711037
ml\muffled_training\generated\muffled_distress\cry_0032_medium.wav,muffled_distress,1,cry_cry_0032
ml\muffled_training\generated\muffled_distress\scream_0072_heavy.wav,muffled_distress,1,scream_scream_0072
ml\muffled_training\generated\muffled_distress\asvp_688703a6996a_extreme.wav,muffled_distress,1,asvp_asvp_688703a6996a
ml\muffled_training\generated\muffled_distress\asvp_28e74957da00_light.wav,muffled_distress,1,asvp_asvp_28e74957da00
ml\muffled_training\processed\non_distress\nd_000578.wav,non_distress,0,noise
ml\muffled_training\generated\muffled_distress\cry_0014_orig.wav,muffled_distress,1,cry_cry_0014
ml\muffled_training\generated\muffled_distress\asvp_8774f2cd5ed4_heavy.wav,muffled_distress,1,asvp_asvp_8774f2cd5ed4
ml\muffled_training\generated\muffled_distress\cry_0037_extreme.wav,muffled_distress,1,cry_cry_0037
ml\muffled_training\processed\non_distress\nd_000696.wav,non_distress,0,noise
ml\muffled_training\generated\muffled_distress\cry_0003_orig.wav,muffled_distress,1,cry_cry_0003
ml\muffled_training\generated\muffled_distress\asvp_f3bd877120d2_medium.wav,muffled_distress,1,asvp_asvp_f3bd877120d2
ml\muffled_training\generated\muffled_distress\cry_0034_extreme.wav,muffled_distress,1,cry_cry_0034
ml\muffled_training\generated\muffled_distress\cry_0055_heavy.wav,muffled_distress,1,cry_cry_0055
ml\muffled_training\generated\muffled_distress\asvp_1aed15018909_light.wav,muffled_distress,1,asvp_asvp_1aed15018909
ml\muffled_training\generated\muffled_distress\cry_0106_light.wav,muffled_distress,1,cry_cry_0106
ml\muffled_training\generated\muffled_distress\asvp_29386c1c8c91_orig.wav,muffled_distress,1,asvp_asvp_29386c1c8c91
ml\muffled_training\generated\muffled_distress\asvp_c49ee1b491c5_extreme.wav,muffled_distress,1,asvp_asvp_c49ee1b491c5
ml\muffled_training\generated\muffled_distress\scream_0101_medium.wav,muffled_distress,1,scream_scream_0101
ml\muffled_training\generated\muffled_distress\cry_0068_orig.wav,muffled_distress,1,cry_cry_0068
ml\muffled_training\generated\muffled_distress\scream_0034_medium.wav,muffled_distress,1,scream_scream_0034
ml\muffled_training\generated\muffled_distress\cry_0009_medium.wav,muffled_distress,1,cry_cry_0009
ml\muffled_training\generated\muffled_distress\asvp_7add25370aa0_extreme.wav,muffled_distress,1,asvp_asvp_7add25370aa0
ml\muffled_training\generated\muffled_distress\asvp_f365415aa791_light.wav,muffled_distress,1,asvp_asvp_f365415aa791
ml\muffled_training\generated\muffled_distress\scream_0006_light.wav,muffled_distress,1,scream_scream_0006
ml\muffled_training\generated\muffled_distress\asvp_47926862d6ba_extreme.wav,muffled_distress,1,asvp_asvp_47926862d6ba
ml\muffled_training\processed\non_distress\nd_000508.wav,non_distress,0,noise
ml\muffled_training\processed\non_distress\nd_000082.wav,non_distress,0,normal
ml\muffled_training\processed\non_distress\nd_000005.wav,non_distress,0,normal
ml\muffled_training\generated\muffled_distress\cry_0023_extreme.wav,muffled_distress,1,cry_cry_0023
ml\muffled_training\processed\non_distress\nd_000260.wav,non_distress,0,normal
ml\muffled_training\generated\muffled_distress\asvp_7aeb663ab445_orig.wav,muffled_distress,1,asvp_asvp_7aeb663ab445
ml\muffled_training\processed\non_distress\nd_000826.wav,non_distress,0,bg
ml\muffled_training\generated\muffled_distress\asvp_e1161667d007_light.wav,muffled_distress,1,asvp_asvp_e1161667d007
ml\muffled_training\processed\non_distress\nd_000686.wav,non_distress,0,noise
ml\muffled_training\generated\muffled_distress\asvp_6408d664d346_extreme.wav,muffled_distress,1,asvp_asvp_6408d664d346
ml\muffled_training\generated\muffled_distress\asvp_608fd7353d05_extreme.wav,muffled_distress,1,asvp_asvp_608fd7353d05
ml\muffled_training\generated\muffled_distress\asvp_bf1fdc8a2614_orig.wav,muffled_distress,1,asvp_asvp_bf1fdc8a2614
ml\muffled_training\processed\non_distress\nd_000000.wav,non_distress,0,normal
ml\muffled_training\generated\muffled_distress\asvp_142026a55215_medium.wav,muffled_distress,1,asvp_asvp_142026a55215
ml\muffled_training\generated\muffled_distress\scream_0087_medium.wav,muffled_distress,1,scream_scream_0087
ml\muffled_training\generated\muffled_distress\asvp_edb786e14f7a_medium.wav,muffled_distress,1,asvp_asvp_edb786e14f7a
ml\muffled_training\generated\muffled_distress\asvp_69d6c1e43068_extreme.wav,muffled_distress,1,asvp_asvp_69d6c1e43068
ml\muffled_training\generated\muffled_distress\asvp_1aed15018909_extreme.wav,muffled_distress,1,asvp_asvp_1aed15018909
ml\muffled_training\processed\non_distress\nd_000309.wav,non_distress,0,help
ml\muffled_training\generated\muffled_distress\cry_0060_medium.wav,muffled_distress,1,cry_cry_0060
ml\muffled_training\processed\non_distress\nd_000146.wav,non_distress,0,normal
ml\muffled_training\generated\muffled_distress\scream_0114_heavy.wav,muffled_distress,1,scream_scream_0114
ml\muffled_training\generated\muffled_distress\asvp_2aa9a4591d5b_medium.wav,muffled_distress,1,asvp_asvp_2aa9a4591d5b
ml\muffled_training\generated\muffled_distress\asvp_28bd0beba904_light.wav,muffled_distress,1,asvp_asvp_28bd0beba904
ml\muffled_training\processed\non_distress\nd_000645.wav,non_distress,0,noise
ml\muffled_training\processed\non_distress\nd_000533.wav,non_distress,0,noise
ml\muffled_training\generated\muffled_distress\asvp_5f6dc0907c01_extreme.wav,muffled_distress,1,asvp_asvp_5f6dc0907c01
ml\muffled_training\generated\muffled_distress\asvp_d49598d7bf99_heavy.wav,muffled_distress,1,asvp_asvp_d49598d7bf99
ml\muffled_training\generated\muffled_distress\asvp_44136bf9612a_extreme.wav,muffled_distress,1,asvp_asvp_44136bf9612a
ml\muffled_training\generated\muffled_distress\asvp_f86a06903b3f_medium.wav,muffled_distress,1,asvp_asvp_f86a06903b3f
ml\muffled_training\generated\muffled_distress\asvp_57dd178db73a_heavy.wav,muffled_distress,1,asvp_asvp_57dd178db73a
ml\muffled_training\generated\muffled_distress\scream_0066_light.wav,muffled_distress,1,scream_scream_0066
ml\muffled_training\processed\non_distress\nd_000567.wav,non_distress,0,noise
ml\muffled_training\generated\muffled_distress\asvp_c7fbb208bd19_orig.wav,muffled_distress,1,asvp_asvp_c7fbb208bd19
ml\muffled_training\generated\muffled_distress\cry_0008_light.wav,muffled_distress,1,cry_cry_0008
ml\muffled_training\generated\muffled_distress\asvp_b509eb2b6c50_orig.wav,muffled_distress,1,asvp_asvp_b509eb2b6c50
ml\muffled_training\processed\non_distress\nd_000362.wav,non_distress,0,help
ml\muffled_training\processed\non_distress\nd_000687.wav,non_distress,0,noise
ml\muffled_training\generated\muffled_distress\asvp_05e0d402c181_heavy.wav,muffled_distress,1,asvp_asvp_05e0d402c181
ml\muffled_training\processed\non_distress\nd_000464.wav,non_distress,0,noise
ml\muffled_training\processed\non_distress\nd_000777.wav,non_distress,0,bg
ml\muffled_training\generated\muffled_distress\asvp_5ef2fbfeb24b_orig.wav,muffled_distress,1,asvp_asvp_5ef2fbfeb24b
ml\muffled_training\generated\muffled_distress\asvp_e6fb9344dc56_orig.wav,muffled_distress,1,asvp_asvp_e6fb9344dc56
ml\muffled_training\generated\muffled_distress\scream_0087_extreme.wav,muffled_distress,1,scream_scream_0087
ml\muffled_training\generated\muffled_distress\asvp_ff19d56083cd_extreme.wav,muffled_distress,1,asvp_asvp_ff19d56083cd
ml\muffled_training\processed\non_distress\nd_000518.wav,non_distress,0,noise
ml\muffled_training\processed\non_distress\nd_000702.wav,non_distress,0,noise
ml\muffled_training\generated\muffled_distress\cry_0022_light.wav,muffled_distress,1,cry_cry_0022
ml\muffled_training\processed\non_distress\nd_000223.wav,non_distress,0,normal
ml\muffled_training\processed\non_distress\nd_000521.wav,non_distress,0,noise
ml\muffled_training\generated\muffled_distress\asvp_f84033d75eb8_medium.wav,muffled_distress,1,asvp_asvp_f84033d75eb8
ml\muffled_training\processed\non_distress\nd_000461.wav,non_distress,0,noise
ml\muffled_training\generated\muffled_distress\asvp_7e9028e938ad_extreme.wav,muffled_distress,1,asvp_asvp_7e9028e938ad
ml\muffled_training\generated\muffled_distress\cry_0064_medium.wav,muffled_distress,1,cry_cry_0064
ml\muffled_training\processed\non_distress\nd_000098.wav,non_distress,0,normal
ml\muffled_training\generated\muffled_distress\asvp_341734340689_extreme.wav,muffled_distress,1,asvp_asvp_341734340689
ml\muffled_training\generated\muffled_distress\scream_0067_extreme.wav,muffled_distress,1,scream_scream_0067
ml\muffled_training\generated\muffled_distress\asvp_08b560382b69_light.wav,muffled_distress,1,asvp_asvp_08b560382b69
ml\muffled_training\generated\muffled_distress\asvp_c865a2e1cfe0_light.wav,muffled_distress,1,asvp_asvp_c865a2e1cfe0
ml\muffled_training\generated\muffled_distress\scream_0102_heavy.wav,muffled_distress,1,scream_scream_0102
ml\muffled_training\processed\non_distress\nd_000798.wav,non_distress,0,bg
ml\muffled_training\generated\muffled_distress\asvp_7d612ea64e63_orig.wav,muffled_distress,1,asvp_asvp_7d612ea64e63
ml\muffled_training\processed\non_distress\nd_000516.wav,non_distress,0,noise
ml\muffled_training\processed\non_distress\nd_000070.wav,non_distress,0,normal
ml\muffled_training\generated\muffled_distress\asvp_14bab6411562_medium.wav,muffled_distress,1,asvp_asvp_14bab6411562
ml\muffled_training\generated\muffled_distress\scream_0023_medium.wav,muffled_distress,1,scream_scream_0023
ml\muffled_training\generated\muffled_distress\asvp_08f4d5f0fd39_light.wav,muffled_distress,1,asvp_asvp_08f4d5f0fd39
ml\muffled_training\generated\muffled_distress\scream_0033_extreme.wav,muffled_distress,1,scream_scream_0033
ml\muffled_training\generated\muffled_distress\scream_0047_extreme.wav,muffled_distress,1,scream_scream_0047
ml\muffled_training\generated\muffled_distress\scream_0093_light.wav,muffled_distress,1,scream_scream_0093
ml\muffled_training\generated\muffled_distress\scream_0082_orig.wav,muffled_distress,1,scream_scream_0082
ml\muffled_training\generated\muffled_distress\asvp_0834bd71bd0f_heavy.wav,muffled_distress,1,asvp_asvp_0834bd71bd0f
ml\muffled_training\generated\muffled_distress\asvp_35117a5b0c90_medium.wav,muffled_distress,1,asvp_asvp_35117a5b0c90
ml\muffled_training\generated\muffled_distress\cry_0110_extreme.wav,muffled_distress,1,cry_cry_0110
ml\muffled_training\generated\muffled_distress\asvp_b288e537c212_orig.wav,muffled_distress,1,asvp_asvp_b288e537c212
ml\muffled_training\generated\muffled_distress\scream_0112_heavy.wav,muffled_distress,1,scream_scream_0112
ml\muffled_training\generated\muffled_distress\asvp_877481535da6_light.wav,muffled_distress,1,asvp_asvp_877481535da6
ml\muffled_training\generated\muffled_distress\asvp_e1161667d007_orig.wav,muffled_distress,1,asvp_asvp_e1161667d007
ml\muffled_training\generated\muffled_distress\asvp_edb9bbf4d517_extreme.wav,muffled_distress,1,asvp_asvp_edb9bbf4d517
ml\muffled_training\generated\muffled_distress\asvp_16df456906ff_heavy.wav,muffled_distress,1,asvp_asvp_16df456906ff
ml\muffled_training\generated\muffled_distress\scream_0113_light.wav,muffled_distress,1,scream_scream_0113
ml\muffled_training\processed\non_distress\nd_000353.wav,non_distress,0,help
ml\muffled_training\generated\muffled_distress\scream_0007_light.wav,muffled_distress,1,scream_scream_0007
ml\muffled_training\generated\muffled_distress\asvp_8ffc319171a3_orig.wav,muffled_distress,1,asvp_asvp_8ffc319171a3
ml\muffled_training\processed\non_distress\nd_000672.wav,non_distress,0,noise
ml\muffled_training\generated\muffled_distress\scream_0069_medium.wav,muffled_distress,1,scream_scream_0069
ml\muffled_training\generated\muffled_distress\cry_0090_extreme.wav,muffled_distress,1,cry_cry_0090
ml\muffled_training\generated\muffled_distress\asvp_969df755a2e4_orig.wav,muffled_distress,1,asvp_asvp_969df755a2e4
ml\muffled_training\generated\muffled_distress\cry_0079_medium.wav,muffled_distress,1,cry_cry_0079
ml\muffled_training\generated\muffled_distress\cry_0036_extreme.wav,muffled_distress,1,cry_cry_0036
ml\muffled_training\generated\muffled_distress\cry_0085_extreme.wav,muffled_distress,1,cry_cry_0085
ml\muffled_training\generated\muffled_distress\asvp_38c3305caa67_light.wav,muffled_distress,1,asvp_asvp_38c3305caa67
ml\muffled_training\generated\muffled_distress\asvp_8b118185bbb7_medium.wav,muffled_distress,1,asvp_asvp_8b118185bbb7
ml\muffled_training\generated\muffled_distress\cry_0053_medium.wav,muffled_distress,1,cry_cry_0053
ml\muffled_training\processed\non_distress\nd_000303.wav,non_distress,0,help
ml\muffled_training\generated\muffled_distress\asvp_64e05f520d37_medium.wav,muffled_distress,1,asvp_asvp_64e05f520d37
ml\muffled_training\processed\non_distress\nd_000446.wav,non_distress,0,noise
ml\muffled_training\processed\non_distress\nd_000563.wav,non_distress,0,noise
ml\muffled_training\generated\muffled_distress\scream_0061_medium.wav,muffled_distress,1,scream_scream_0061
ml\muffled_training\generated\muffled_distress\scream_0078_light.wav,muffled_distress,1,scream_scream_0078
ml\muffled_training\generated\muffled_distress\cry_0029_light.wav,muffled_distress,1,cry_cry_0029
ml\muffled_training\generated\muffled_distress\asvp_6a10550dbb7c_medium.wav,muffled_distress,1,asvp_asvp_6a10550dbb7c
ml\muffled_training\generated\muffled_distress\asvp_637fcb50ea62_light.wav,muffled_distress,1,asvp_asvp_637fcb50ea62
ml\muffled_training\processed\non_distress\nd_000094.wav,non_distress,0,normal
ml\muffled_training\generated\muffled_distress\cry_0045_medium.wav,muffled_distress,1,cry_cry_0045
ml\muffled_training\processed\non_distress\nd_000307.wav,non_distress,0,help
ml\muffled_training\processed\non_distress\nd_000500.wav,non_distress,0,noise
ml\muffled_training\processed\non_distress\nd_000670.wav,non_distress,0,noise
ml\muffled_training\generated\muffled_distress\asvp_8ab21190b6fd_extreme.wav,muffled_distress,1,asvp_asvp_8ab21190b6fd
ml\muffled_training\generated\muffled_distress\asvp_193efc4cf450_extreme.wav,muffled_distress,1,asvp_asvp_193efc4cf450
ml\muffled_training\processed\non_distress\nd_000161.wav,non_distress,0,normal
ml\muffled_training\generated\muffled_distress\asvp_b509eb2b6c50_heavy.wav,muffled_distress,1,asvp_asvp_b509eb2b6c50
ml\muffled_training\generated\muffled_distress\asvp_7d612ea64e63_medium.wav,muffled_distress,1,asvp_asvp_7d612ea64e63
ml\muffled_training\processed\non_distress\nd_000169.wav,non_distress,0,normal
ml\muffled_training\generated\muffled_distress\asvp_f59628711037_medium.wav,muffled_distress,1,asvp_asvp_f59628711037
ml\muffled_training\generated\muffled_distress\scream_0092_extreme.wav,muffled_distress,1,scream_scream_0092
ml\muffled_training\processed\non_distress\nd_000200.wav,non_distress,0,normal
ml\muffled_training\generated\muffled_distress\asvp_7083921d3cbc_extreme.wav,muffled_distress,1,asvp_asvp_7083921d3cbc
ml\muffled_training\generated\muffled_distress\cry_0054_heavy.wav,muffled_distress,1,cry_cry_0054
ml\muffled_training\generated\muffled_distress\scream_0002_medium.wav,muffled_distress,1,scream_scream_0002
ml\muffled_training\generated\muffled_distress\asvp_85abb1c257a2_extreme.wav,muffled_distress,1,asvp_asvp_85abb1c257a2
ml\muffled_training\generated\muffled_distress\scream_0073_medium.wav,muffled_distress,1,scream_scream_0073
ml\muffled_training\processed\non_distress\nd_000733.wav,non_distress,0,bg
ml\muffled_training\generated\muffled_distress\asvp_28bd0beba904_extreme.wav,muffled_distress,1,asvp_asvp_28bd0beba904
ml\muffled_training\generated\muffled_distress\scream_0119_light.wav,muffled_distress,1,scream_scream_0119
ml\muffled_training\generated\muffled_distress\scream_0081_heavy.wav,muffled_distress,1,scream_scream_0081
ml\muffled_training\processed\non_distress\nd_000779.wav,non_distress,0,bg
ml\muffled_training\generated\muffled_distress\cry_0016_extreme.wav,muffled_distress,1,cry_cry_0016
ml\muffled_training\generated\muffled_distress\cry_0007_light.wav,muffled_distress,1,cry_cry_0007
ml\muffled_training\processed\non_distress\nd_000703.wav,non_distress,0,noise
ml\muffled_training\generated\muffled_distress\asvp_408b73a42f96_light.wav,muffled_distress,1,asvp_asvp_408b73a42f96
ml\muffled_training\generated\muffled_distress\scream_0078_medium.wav,muffled_distress,1,scream_scream_0078
ml\muffled_training\generated\muffled_distress\asvp_08f4d5f0fd39_extreme.wav,muffled_distress,1,asvp_asvp_08f4d5f0fd39
ml\muffled_training\generated\muffled_distress\scream_0099_light.wav,muffled_distress,1,scream_scream_0099
ml\muffled_training\processed\non_distress\nd_000328.wav,non_distress,0,help
ml\muffled_training\processed\non_distress\nd_000132.wav,non_distress,0,normal
ml\muffled_training\generated\muffled_distress\scream_0037_medium.wav,muffled_distress,1,scream_scream_0037
ml\muffled_training\generated\muffled_distress\cry_0096_light.wav,muffled_distress,1,cry_cry_0096
ml\muffled_training\generated\muffled_distress\cry_0051_extreme.wav,muffled_distress,1,cry_cry_0051
ml\muffled_training\processed\non_distress\nd_000802.wav,non_distress,0,bg
ml\muffled_training\generated\muffled_distress\asvp_0b47d5c9db36_orig.wav,muffled_distress,1,asvp_asvp_0b47d5c9db36
ml\muffled_training\generated\muffled_distress\scream_0086_medium.wav,muffled_distress,1,scream_scream_0086
ml\muffled_training\generated\muffled_distress\cry_0008_heavy.wav,muffled_distress,1,cry_cry_0008
ml\muffled_training\generated\muffled_distress\asvp_4265cbd3d0a7_medium.wav,muffled_distress,1,asvp_asvp_4265cbd3d0a7
ml\muffled_training\generated\muffled_distress\asvp_637fcb50ea62_orig.wav,muffled_distress,1,asvp_asvp_637fcb50ea62
ml\muffled_training\generated\muffled_distress\asvp_0b26a15e8620_orig.wav,muffled_distress,1,asvp_asvp_0b26a15e8620
ml\muffled_training\processed\non_distress\nd_000219.wav,non_distress,0,normal
ml\muffled_training\generated\muffled_distress\asvp_f8fb0be49e6f_light.wav,muffled_distress,1,asvp_asvp_f8fb0be49e6f
ml\muffled_training\generated\muffled_distress\asvp_138714588cda_extreme.wav,muffled_distress,1,asvp_asvp_138714588cda
ml\muffled_training\processed\non_distress\nd_000565.wav,non_distress,0,noise
ml\muffled_training\generated\muffled_distress\cry_0117_extreme.wav,muffled_distress,1,cry_cry_0117
ml\muffled_training\generated\muffled_distress\cry_0070_extreme.wav,muffled_distress,1,cry_cry_0070
ml\muffled_training\processed\non_distress\nd_000076.wav,non_distress,0,normal
ml\muffled_training\generated\muffled_distress\asvp_f607441f9f02_extreme.wav,muffled_distress,1,asvp_asvp_f607441f9f02
ml\muffled_training\processed\non_distress\nd_000139.wav,non_distress,0,normal
ml\muffled_training\generated\muffled_distress\asvp_f365415aa791_medium.wav,muffled_distress,1,asvp_asvp_f365415aa791
ml\muffled_training\generated\muffled_distress\asvp_3b31bed25dbb_heavy.wav,muffled_distress,1,asvp_asvp_3b31bed25dbb
ml\muffled_training\generated\muffled_distress\cry_0073_light.wav,muffled_distress,1,cry_cry_0073
ml\muffled_training\generated\muffled_distress\asvp_7083921d3cbc_heavy.wav,muffled_distress,1,asvp_asvp_7083921d3cbc
ml\muffled_training\generated\muffled_distress\asvp_c2a6c033b49d_heavy.wav,muffled_distress,1,asvp_asvp_c2a6c033b49d
ml\muffled_training\generated\muffled_distress\scream_0117_heavy.wav,muffled_distress,1,scream_scream_0117
ml\muffled_training\generated\muffled_distress\asvp_0bb04b696483_orig.wav,muffled_distress,1,asvp_asvp_0bb04b696483
ml\muffled_training\generated\muffled_distress\asvp_2a8976228636_heavy.wav,muffled_distress,1,asvp_asvp_2a8976228636
ml\muffled_training\generated\muffled_distress\asvp_6f3990c53f7b_orig.wav,muffled_distress,1,asvp_asvp_6f3990c53f7b
ml\muffled_training\generated\muffled_distress\cry_0113_orig.wav,muffled_distress,1,cry_cry_0113
ml\muffled_training\generated\muffled_distress\asvp_cc0218d09d5d_light.wav,muffled_distress,1,asvp_asvp_cc0218d09d5d
ml\muffled_training\generated\muffled_distress\asvp_24f5fc771b67_medium.wav,muffled_distress,1,asvp_asvp_24f5fc771b67
ml\muffled_training\processed\non_distress\nd_000633.wav,non_distress,0,noise
ml\muffled_training\generated\muffled_distress\scream_0012_extreme.wav,muffled_distress,1,scream_scream_0012
ml\muffled_training\generated\muffled_distress\cry_0000_light.wav,muffled_distress,1,cry_cry_0000
ml\muffled_training\generated\muffled_distress\asvp_4bc3102bc695_heavy.wav,muffled_distress,1,asvp_asvp_4bc3102bc695
ml\muffled_training\generated\muffled_distress\cry_0100_medium.wav,muffled_distress,1,cry_cry_0100
ml\muffled_training\generated\muffled_distress\scream_0113_heavy.wav,muffled_distress,1,scream_scream_0113
ml\muffled_training\processed\non_distress\nd_000284.wav,non_distress,0,normal
ml\muffled_training\generated\muffled_distress\cry_0014_heavy.wav,muffled_distress,1,cry_cry_0014
ml\muffled_training\generated\muffled_distress\cry_0006_orig.wav,muffled_distress,1,cry_cry_0006
ml\muffled_training\generated\muffled_distress\scream_0009_orig.wav,muffled_distress,1,scream_scream_0009
ml\muffled_training\generated\muffled_distress\asvp_7eda76ba89f5_extreme.wav,muffled_distress,1,asvp_asvp_7eda76ba89f5
ml\muffled_training\generated\muffled_distress\asvp_8336afe649ca_medium.wav,muffled_distress,1,asvp_asvp_8336afe649ca
ml\muffled_training\generated\muffled_distress\scream_0055_medium.wav,muffled_distress,1,scream_scream_0055
ml\muffled_training\generated\muffled_distress\cry_0038_orig.wav,muffled_distress,1,cry_cry_0038
ml\muffled_training\processed\non_distress\nd_000569.wav,non_distress,0,noise
ml\muffled_training\generated\muffled_distress\asvp_83b2d5da2a66_extreme.wav,muffled_distress,1,asvp_asvp_83b2d5da2a66
ml\muffled_training\generated\muffled_distress\scream_0110_heavy.wav,muffled_distress,1,scream_scream_0110
ml\muffled_training\generated\muffled_distress\asvp_c52aa81e7b34_extreme.wav,muffled_distress,1,asvp_asvp_c52aa81e7b34
ml\muffled_training\generated\muffled_distress\cry_0009_extreme.wav,muffled_distress,1,cry_cry_0009
ml\muffled_training\generated\muffled_distress\cry_0061_heavy.wav,muffled_distress,1,cry_cry_0061
ml\muffled_training\generated\muffled_distress\asvp_bf1fdc8a2614_extreme.wav,muffled_distress,1,asvp_asvp_bf1fdc8a2614
ml\muffled_training\generated\muffled_distress\asvp_b92a7b9f4d1b_medium.wav,muffled_distress,1,asvp_asvp_b92a7b9f4d1b
ml\muffled_training\generated\muffled_distress\asvp_14bab6411562_heavy.wav,muffled_distress,1,asvp_asvp_14bab6411562
ml\muffled_training\generated\muffled_distress\scream_0075_extreme.wav,muffled_distress,1,scream_scream_0075
ml\muffled_training\processed\non_distress\nd_000364.wav,non_distress,0,help
ml\muffled_training\generated\muffled_distress\asvp_1aed15018909_orig.wav,muffled_distress,1,asvp_asvp_1aed15018909
ml\muffled_training\generated\muffled_distress\scream_0005_heavy.wav,muffled_distress,1,scream_scream_0005
ml\muffled_training\processed\non_distress\nd_000321.wav,non_distress,0,help
ml\muffled_training\processed\non_distress\nd_000821.wav,non_distress,0,bg
ml\muffled_training\generated\muffled_distress\asvp_88d52861f621_heavy.wav,muffled_distress,1,asvp_asvp_88d52861f621
ml\muffled_training\processed\non_distress\nd_000546.wav,non_distress,0,noise
ml\muffled_training\generated\muffled_distress\asvp_4bc3102bc695_medium.wav,muffled_distress,1,asvp_asvp_4bc3102bc695
ml\muffled_training\generated\muffled_distress\asvp_7971aade5a78_medium.wav,muffled_distress,1,asvp_asvp_7971aade5a78
ml\muffled_training\generated\muffled_distress\cry_0066_medium.wav,muffled_distress,1,cry_cry_0066
ml\muffled_training\generated\muffled_distress\asvp_0083b8a24299_heavy.wav,muffled_distress,1,asvp_asvp_0083b8a24299
ml\muffled_training\generated\muffled_distress\cry_0089_orig.wav,muffled_distress,1,cry_cry_0089
ml\muffled_training\generated\muffled_distress\scream_0043_medium.wav,muffled_distress,1,scream_scream_0043
ml\muffled_training\generated\muffled_distress\asvp_2fb31e5133e4_extreme.wav,muffled_distress,1,asvp_asvp_2fb31e5133e4
ml\muffled_training\generated\muffled_distress\asvp_f9a8df7adea9_light.wav,muffled_distress,1,asvp_asvp_f9a8df7adea9
ml\muffled_training\processed\non_distress\nd_000009.wav,non_distress,0,normal
ml\muffled_training\generated\muffled_distress\scream_0114_orig.wav,muffled_distress,1,scream_scream_0114
ml\muffled_training\generated\muffled_distress\asvp_b416b6848e6a_orig.wav,muffled_distress,1,asvp_asvp_b416b6848e6a
ml\muffled_training\generated\muffled_distress\asvp_dc74637230df_extreme.wav,muffled_distress,1,asvp_asvp_dc74637230df
ml\muffled_training\generated\muffled_distress\scream_0035_orig.wav,muffled_distress,1,scream_scream_0035
ml\muffled_training\generated\muffled_distress\asvp_bd4cd1f8873f_medium.wav,muffled_distress,1,asvp_asvp_bd4cd1f8873f
ml\muffled_training\generated\muffled_distress\scream_0057_extreme.wav,muffled_distress,1,scream_scream_0057
ml\muffled_training\processed\non_distress\nd_000515.wav,non_distress,0,noise
ml\muffled_training\generated\muffled_distress\cry_0079_extreme.wav,muffled_distress,1,cry_cry_0079
ml\muffled_training\processed\non_distress\nd_000564.wav,non_distress,0,noise
ml\muffled_training\generated\muffled_distress\asvp_9b316aab3d66_light.wav,muffled_distress,1,asvp_asvp_9b316aab3d66
ml\muffled_training\generated\muffled_distress\asvp_d72d668a0106_orig.wav,muffled_distress,1,asvp_asvp_d72d668a0106
ml\muffled_training\generated\muffled_distress\asvp_e1161667d007_heavy.wav,muffled_distress,1,asvp_asvp_e1161667d007
ml\muffled_training\generated\muffled_distress\cry_0107_medium.wav,muffled_distress,1,cry_cry_0107
ml\muffled_training\generated\muffled_distress\asvp_488ea376e3f2_heavy.wav,muffled_distress,1,asvp_asvp_488ea376e3f2
ml\muffled_training\generated\muffled_distress\asvp_0d435513beab_medium.wav,muffled_distress,1,asvp_asvp_0d435513beab
ml\muffled_training\processed\non_distress\nd_000263.wav,non_distress,0,normal
ml\muffled_training\generated\muffled_distress\asvp_6491c62c9b8e_light.wav,muffled_distress,1,asvp_asvp_6491c62c9b8e
ml\muffled_training\generated\muffled_distress\cry_0037_orig.wav,muffled_distress,1,cry_cry_0037
ml\muffled_training\generated\muffled_distress\scream_0050_medium.wav,muffled_distress,1,scream_scream_0050
ml\muffled_training\generated\muffled_distress\cry_0100_orig.wav,muffled_distress,1,cry_cry_0100
ml\muffled_training\processed\non_distress\nd_000064.wav,non_distress,0,normal
ml\muffled_training\generated\muffled_distress\cry_0031_extreme.wav,muffled_distress,1,cry_cry_0031
ml\muffled_training\processed\non_distress\nd_000603.wav,non_distress,0,noise
ml\muffled_training\generated\muffled_distress\cry_0079_light.wav,muffled_distress,1,cry_cry_0079
ml\muffled_training\generated\muffled_distress\scream_0099_orig.wav,muffled_distress,1,scream_scream_0099
ml\muffled_training\generated\muffled_distress\scream_0049_extreme.wav,muffled_distress,1,scream_scream_0049
ml\muffled_training\generated\muffled_distress\cry_0101_light.wav,muffled_distress,1,cry_cry_0101
ml\muffled_training\generated\muffled_distress\scream_0040_extreme.wav,muffled_distress,1,scream_scream_0040
ml\muffled_training\processed\non_distress\nd_000468.wav,non_distress,0,noise
ml\muffled_training\processed\non_distress\nd_000449.wav,non_distress,0,noise
ml\muffled_training\generated\muffled_distress\scream_0058_light.wav,muffled_distress,1,scream_scream_0058
ml\muffled_training\generated\muffled_distress\asvp_d5201c12625a_orig.wav,muffled_distress,1,asvp_asvp_d5201c12625a
ml\muffled_training\generated\muffled_distress\cry_0113_heavy.wav,muffled_distress,1,cry_cry_0113
ml\muffled_training\generated\muffled_distress\scream_0103_orig.wav,muffled_distress,1,scream_scream_0103
ml\muffled_training\generated\muffled_distress\asvp_f7ab681e0d5f_extreme.wav,muffled_distress,1,asvp_asvp_f7ab681e0d5f
ml\muffled_training\generated\muffled_distress\scream_0040_medium.wav,muffled_distress,1,scream_scream_0040
ml\muffled_training\processed\non_distress\nd_000296.wav,non_distress,0,normal
ml\muffled_training\generated\muffled_distress\scream_0073_light.wav,muffled_distress,1,scream_scream_0073
ml\muffled_training\processed\non_distress\nd_000426.wav,non_distress,0,noise
ml\muffled_training\generated\muffled_distress\cry_0067_heavy.wav,muffled_distress,1,cry_cry_0067
ml\muffled_training\generated\muffled_distress\asvp_0b26a15e8620_heavy.wav,muffled_distress,1,asvp_asvp_0b26a15e8620
ml\muffled_training\generated\muffled_distress\scream_0119_medium.wav,muffled_distress,1,scream_scream_0119
ml\muffled_training\generated\muffled_distress\cry_0077_extreme.wav,muffled_distress,1,cry_cry_0077
ml\muffled_training\generated\muffled_distress\asvp_6fe837464b5a_light.wav,muffled_distress,1,asvp_asvp_6fe837464b5a
ml\muffled_training\generated\muffled_distress\scream_0003_orig.wav,muffled_distress,1,scream_scream_0003
ml\muffled_training\generated\muffled_distress\asvp_f8b991ef8f8b_heavy.wav,muffled_distress,1,asvp_asvp_f8b991ef8f8b
ml\muffled_training\generated\muffled_distress\asvp_212092849f99_medium.wav,muffled_distress,1,asvp_asvp_212092849f99
ml\muffled_training\processed\non_distress\nd_000315.wav,non_distress,0,help
ml\muffled_training\processed\non_distress\nd_000810.wav,non_distress,0,bg
ml\muffled_training\generated\muffled_distress\asvp_4644754f4fe6_extreme.wav,muffled_distress,1,asvp_asvp_4644754f4fe6
ml\muffled_training\generated\muffled_distress\asvp_7ff5622f9e72_medium.wav,muffled_distress,1,asvp_asvp_7ff5622f9e72
ml\muffled_training\generated\muffled_distress\cry_0103_light.wav,muffled_distress,1,cry_cry_0103
ml\muffled_training\generated\muffled_distress\asvp_8336afe649ca_orig.wav,muffled_distress,1,asvp_asvp_8336afe649ca
ml\muffled_training\generated\muffled_distress\asvp_47926862d6ba_medium.wav,muffled_distress,1,asvp_asvp_47926862d6ba
ml\muffled_training\generated\muffled_distress\asvp_7ff5622f9e72_orig.wav,muffled_distress,1,asvp_asvp_7ff5622f9e72
ml\muffled_training\processed\non_distress\nd_000660.wav,non_distress,0,noise
ml\muffled_training\generated\muffled_distress\asvp_84e6bc836dc6_light.wav,muffled_distress,1,asvp_asvp_84e6bc836dc6
ml\muffled_training\generated\muffled_distress\asvp_0f120edcd903_extreme.wav,muffled_distress,1,asvp_asvp_0f120edcd903
ml\muffled_training\generated\muffled_distress\asvp_888f181524c5_extreme.wav,muffled_distress,1,asvp_asvp_888f181524c5
ml\muffled_training\generated\muffled_distress\asvp_05e0d402c181_extreme.wav,muffled_distress,1,asvp_asvp_05e0d402c181
ml\muffled_training\generated\muffled_distress\cry_0079_heavy.wav,muffled_distress,1,cry_cry_0079
ml\muffled_training\generated\muffled_distress\asvp_96a1f6068f42_heavy.wav,muffled_distress,1,asvp_asvp_96a1f6068f42
ml\muffled_training\generated\muffled_distress\asvp_45ac13c46941_extreme.wav,muffled_distress,1,asvp_asvp_45ac13c46941
ml\muffled_training\generated\muffled_distress\cry_0108_medium.wav,muffled_distress,1,cry_cry_0108
ml\muffled_training\processed\non_distress\nd_000820.wav,non_distress,0,bg
ml\muffled_training\generated\muffled_distress\scream_0004_medium.wav,muffled_distress,1,scream_scream_0004
ml\muffled_training\generated\muffled_distress\asvp_b288e537c212_light.wav,muffled_distress,1,asvp_asvp_b288e537c212
ml\muffled_training\generated\muffled_distress\scream_0063_medium.wav,muffled_distress,1,scream_scream_0063
ml\muffled_training\generated\muffled_distress\asvp_5b49430aa383_heavy.wav,muffled_distress,1,asvp_asvp_5b49430aa383
ml\muffled_training\generated\muffled_distress\scream_0048_extreme.wav,muffled_distress,1,scream_scream_0048
ml\muffled_training\generated\muffled_distress\scream_0036_medium.wav,muffled_distress,1,scream_scream_0036
ml\muffled_training\processed\non_distress\nd_000343.wav,non_distress,0,help
ml\muffled_training\generated\muffled_distress\scream_0058_heavy.wav,muffled_distress,1,scream_scream_0058
ml\muffled_training\processed\non_distress\nd_000114.wav,non_distress,0,normal
ml\muffled_training\generated\muffled_distress\asvp_b416b6848e6a_light.wav,muffled_distress,1,asvp_asvp_b416b6848e6a
ml\muffled_training\generated\muffled_distress\asvp_f86a06903b3f_light.wav,muffled_distress,1,asvp_asvp_f86a06903b3f
ml\muffled_training\generated\muffled_distress\scream_0083_extreme.wav,muffled_distress,1,scream_scream_0083
ml\muffled_training\processed\non_distress\nd_000149.wav,non_distress,0,normal
ml\muffled_training\generated\muffled_distress\asvp_7eda76ba89f5_orig.wav,muffled_distress,1,asvp_asvp_7eda76ba89f5
ml\muffled_training\generated\muffled_distress\scream_0109_orig.wav,muffled_distress,1,scream_scream_0109
ml\muffled_training\generated\muffled_distress\asvp_e2d5002dbd44_heavy.wav,muffled_distress,1,asvp_asvp_e2d5002dbd44
ml\muffled_training\generated\muffled_distress\asvp_0f120edcd903_light.wav,muffled_distress,1,asvp_asvp_0f120edcd903
ml\muffled_training\generated\muffled_distress\asvp_51a9b5d4f16c_medium.wav,muffled_distress,1,asvp_asvp_51a9b5d4f16c
ml\muffled_training\processed\non_distress\nd_000611.wav,non_distress,0,noise
ml\muffled_training\generated\muffled_distress\scream_0099_extreme.wav,muffled_distress,1,scream_scream_0099
ml\muffled_training\generated\muffled_distress\scream_0071_light.wav,muffled_distress,1,scream_scream_0071
ml\muffled_training\generated\muffled_distress\scream_0092_orig.wav,muffled_distress,1,scream_scream_0092
ml\muffled_training\generated\muffled_distress\asvp_358cbd9591fc_light.wav,muffled_distress,1,asvp_asvp_358cbd9591fc
ml\muffled_training\generated\muffled_distress\asvp_89182cd8558d_medium.wav,muffled_distress,1,asvp_asvp_89182cd8558d
ml\muffled_training\generated\muffled_distress\asvp_ba40a626d6a4_orig.wav,muffled_distress,1,asvp_asvp_ba40a626d6a4
ml\muffled_training\processed\non_distress\nd_000730.wav,non_distress,0,bg
ml\muffled_training\generated\muffled_distress\scream_0110_light.wav,muffled_distress,1,scream_scream_0110
ml\muffled_training\generated\muffled_distress\cry_0018_heavy.wav,muffled_distress,1,cry_cry_0018
ml\muffled_training\generated\muffled_distress\asvp_5f5d2e1439a0_medium.wav,muffled_distress,1,asvp_asvp_5f5d2e1439a0
ml\muffled_training\generated\muffled_distress\scream_0037_light.wav,muffled_distress,1,scream_scream_0037
ml\muffled_training\generated\muffled_distress\cry_0068_extreme.wav,muffled_distress,1,cry_cry_0068
ml\muffled_training\processed\non_distress\nd_000572.wav,non_distress,0,noise
ml\muffled_training\processed\non_distress\nd_000490.wav,non_distress,0,noise
ml\muffled_training\generated\muffled_distress\cry_0054_extreme.wav,muffled_distress,1,cry_cry_0054
ml\muffled_training\generated\muffled_distress\asvp_7d612ea64e63_heavy.wav,muffled_distress,1,asvp_asvp_7d612ea64e63
ml\muffled_training\processed\non_distress\nd_000552.wav,non_distress,0,noise
ml\muffled_training\generated\muffled_distress\cry_0071_light.wav,muffled_distress,1,cry_cry_0071
ml\muffled_training\generated\muffled_distress\cry_0021_light.wav,muffled_distress,1,cry_cry_0021
ml\muffled_training\generated\muffled_distress\scream_0000_heavy.wav,muffled_distress,1,scream_scream_0000
ml\muffled_training\processed\non_distress\nd_000205.wav,non_distress,0,normal
ml\muffled_training\generated\muffled_distress\scream_0103_light.wav,muffled_distress,1,scream_scream_0103
ml\muffled_training\generated\muffled_distress\scream_0066_heavy.wav,muffled_distress,1,scream_scream_0066
ml\muffled_training\generated\muffled_distress\asvp_46daa4cdada3_extreme.wav,muffled_distress,1,asvp_asvp_46daa4cdada3
ml\muffled_training\generated\muffled_distress\scream_0076_medium.wav,muffled_distress,1,scream_scream_0076
ml\muffled_training\generated\muffled_distress\cry_0021_orig.wav,muffled_distress,1,cry_cry_0021
ml\muffled_training\processed\non_distress\nd_000211.wav,non_distress,0,normal
ml\muffled_training\generated\muffled_distress\cry_0008_orig.wav,muffled_distress,1,cry_cry_0008
ml\muffled_training\generated\muffled_distress\asvp_5f6dc0907c01_heavy.wav,muffled_distress,1,asvp_asvp_5f6dc0907c01
ml\muffled_training\generated\muffled_distress\scream_0089_extreme.wav,muffled_distress,1,scream_scream_0089
ml\muffled_training\generated\muffled_distress\asvp_9459e92d2dc6_extreme.wav,muffled_distress,1,asvp_asvp_9459e92d2dc6
ml\muffled_training\generated\muffled_distress\asvp_488ea376e3f2_light.wav,muffled_distress,1,asvp_asvp_488ea376e3f2
ml\muffled_training\generated\muffled_distress\asvp_f9a8df7adea9_heavy.wav,muffled_distress,1,asvp_asvp_f9a8df7adea9
ml\muffled_training\generated\muffled_distress\asvp_efac366dd167_orig.wav,muffled_distress,1,asvp_asvp_efac366dd167
ml\muffled_training\generated\muffled_distress\asvp_7cfd0964c7bc_light.wav,muffled_distress,1,asvp_asvp_7cfd0964c7bc
ml\muffled_training\generated\muffled_distress\asvp_882130f0834c_light.wav,muffled_distress,1,asvp_asvp_882130f0834c
ml\muffled_training\generated\muffled_distress\scream_0035_heavy.wav,muffled_distress,1,scream_scream_0035
ml\muffled_training\processed\non_distress\nd_000189.wav,non_distress,0,normal
ml\muffled_training\generated\muffled_distress\asvp_fd399d441ca5_light.wav,muffled_distress,1,asvp_asvp_fd399d441ca5
ml\muffled_training\generated\muffled_distress\asvp_36f2529e777c_extreme.wav,muffled_distress,1,asvp_asvp_36f2529e777c
ml\muffled_training\generated\muffled_distress\scream_0107_medium.wav,muffled_distress,1,scream_scream_0107
ml\muffled_training\generated\muffled_distress\cry_0072_extreme.wav,muffled_distress,1,cry_cry_0072
ml\muffled_training\generated\muffled_distress\cry_0015_extreme.wav,muffled_distress,1,cry_cry_0015
ml\muffled_training\generated\muffled_distress\asvp_f59628711037_heavy.wav,muffled_distress,1,asvp_asvp_f59628711037
ml\muffled_training\generated\muffled_distress\scream_0046_medium.wav,muffled_distress,1,scream_scream_0046
ml\muffled_training\generated\muffled_distress\scream_0088_orig.wav,muffled_distress,1,scream_scream_0088
ml\muffled_training\generated\muffled_distress\asvp_3498a227e3e8_orig.wav,muffled_distress,1,asvp_asvp_3498a227e3e8
ml\muffled_training\generated\muffled_distress\cry_0119_light.wav,muffled_distress,1,cry_cry_0119
ml\muffled_training\processed\non_distress\nd_000103.wav,non_distress,0,normal
ml\muffled_training\generated\muffled_distress\asvp_29386c1c8c91_heavy.wav,muffled_distress,1,asvp_asvp_29386c1c8c91
ml\muffled_training\generated\muffled_distress\cry_0086_medium.wav,muffled_distress,1,cry_cry_0086
ml\muffled_training\generated\muffled_distress\scream_0008_extreme.wav,muffled_distress,1,scream_scream_0008
ml\muffled_training\generated\muffled_distress\asvp_6fe837464b5a_extreme.wav,muffled_distress,1,asvp_asvp_6fe837464b5a
ml\muffled_training\generated\muffled_distress\cry_0102_heavy.wav,muffled_distress,1,cry_cry_0102
ml\muffled_training\generated\muffled_distress\cry_0068_medium.wav,muffled_distress,1,cry_cry_0068
ml\muffled_training\generated\muffled_distress\scream_0038_light.wav,muffled_distress,1,scream_scream_0038
ml\muffled_training\processed\non_distress\nd_000349.wav,non_distress,0,help
ml\muffled_training\generated\muffled_distress\cry_0042_orig.wav,muffled_distress,1,cry_cry_0042
ml\muffled_training\processed\non_distress\nd_000731.wav,non_distress,0,bg
ml\muffled_training\generated\muffled_distress\cry_0015_heavy.wav,muffled_distress,1,cry_cry_0015
ml\muffled_training\generated\muffled_distress\cry_0069_medium.wav,muffled_distress,1,cry_cry_0069
ml\muffled_training\generated\muffled_distress\scream_0014_heavy.wav,muffled_distress,1,scream_scream_0014
ml\muffled_training\generated\muffled_distress\cry_0022_extreme.wav,muffled_distress,1,cry_cry_0022
ml\muffled_training\generated\muffled_distress\asvp_63b857aab34a_orig.wav,muffled_distress,1,asvp_asvp_63b857aab34a
ml\muffled_training\processed\non_distress\nd_000311.wav,non_distress,0,help
ml\muffled_training\processed\non_distress\nd_000135.wav,non_distress,0,normal
ml\muffled_training\generated\muffled_distress\scream_0116_medium.wav,muffled_distress,1,scream_scream_0116
ml\muffled_training\generated\muffled_distress\asvp_466653fa72e9_heavy.wav,muffled_distress,1,asvp_asvp_466653fa72e9
ml\muffled_training\generated\muffled_distress\asvp_408b73a42f96_heavy.wav,muffled_distress,1,asvp_asvp_408b73a42f96
ml\muffled_training\processed\non_distress\nd_000549.wav,non_distress,0,noise
ml\muffled_training\generated\muffled_distress\cry_0013_extreme.wav,muffled_distress,1,cry_cry_0013
ml\muffled_training\generated\muffled_distress\asvp_71354cd01bff_extreme.wav,muffled_distress,1,asvp_asvp_71354cd01bff
ml\muffled_training\processed\non_distress\nd_000391.wav,non_distress,0,help
ml\muffled_training\processed\non_distress\nd_000699.wav,non_distress,0,noise
ml\muffled_training\generated\muffled_distress\scream_0019_heavy.wav,muffled_distress,1,scream_scream_0019
ml\muffled_training\generated\muffled_distress\asvp_7aeb663ab445_medium.wav,muffled_distress,1,asvp_asvp_7aeb663ab445
ml\muffled_training\generated\muffled_distress\asvp_0464c44c8a40_medium.wav,muffled_distress,1,asvp_asvp_0464c44c8a40
ml\muffled_training\generated\muffled_distress\scream_0075_light.wav,muffled_distress,1,scream_scream_0075
ml\muffled_training\generated\muffled_distress\asvp_ae99b8091705_light.wav,muffled_distress,1,asvp_asvp_ae99b8091705
ml\muffled_training\processed\non_distress\nd_000718.wav,non_distress,0,noise
ml\muffled_training\generated\muffled_distress\asvp_edb9bbf4d517_heavy.wav,muffled_distress,1,asvp_asvp_edb9bbf4d517
ml\muffled_training\processed\non_distress\nd_000184.wav,non_distress,0,normal
ml\muffled_training\generated\muffled_distress\asvp_1ee66bdafc44_light.wav,muffled_distress,1,asvp_asvp_1ee66bdafc44
ml\muffled_training\processed\non_distress\nd_000647.wav,non_distress,0,noise
ml\muffled_training\generated\muffled_distress\asvp_f365415aa791_heavy.wav,muffled_distress,1,asvp_asvp_f365415aa791
ml\muffled_training\generated\muffled_distress\cry_0064_extreme.wav,muffled_distress,1,cry_cry_0064
ml\muffled_training\processed\non_distress\nd_000186.wav,non_distress,0,normal
ml\muffled_training\generated\muffled_distress\asvp_f723bedb398d_extreme.wav,muffled_distress,1,asvp_asvp_f723bedb398d
ml\muffled_training\processed\non_distress\nd_000201.wav,non_distress,0,normal
ml\muffled_training\generated\muffled_distress\asvp_290fb89ecb91_light.wav,muffled_distress,1,asvp_asvp_290fb89ecb91
ml\muffled_training\generated\muffled_distress\cry_0033_orig.wav,muffled_distress,1,cry_cry_0033
ml\muffled_training\generated\muffled_distress\asvp_6df2f1dbbc49_medium.wav,muffled_distress,1,asvp_asvp_6df2f1dbbc49
ml\muffled_training\generated\muffled_distress\cry_0065_orig.wav,muffled_distress,1,cry_cry_0065
ml\muffled_training\generated\muffled_distress\asvp_e40c3bc97149_medium.wav,muffled_distress,1,asvp_asvp_e40c3bc97149
ml\muffled_training\generated\muffled_distress\asvp_80b64f205e1b_light.wav,muffled_distress,1,asvp_asvp_80b64f205e1b
ml\muffled_training\generated\muffled_distress\cry_0092_heavy.wav,muffled_distress,1,cry_cry_0092
ml\muffled_training\processed\non_distress\nd_000482.wav,non_distress,0,noise
ml\muffled_training\generated\muffled_distress\cry_0105_orig.wav,muffled_distress,1,cry_cry_0105
ml\muffled_training\processed\non_distress\nd_000540.wav,non_distress,0,noise
ml\muffled_training\generated\muffled_distress\asvp_cf2876ad5ab7_heavy.wav,muffled_distress,1,asvp_asvp_cf2876ad5ab7
ml\muffled_training\generated\muffled_distress\cry_0093_extreme.wav,muffled_distress,1,cry_cry_0093
ml\muffled_training\generated\muffled_distress\asvp_83dcaa55f69c_medium.wav,muffled_distress,1,asvp_asvp_83dcaa55f69c
ml\muffled_training\processed\non_distress\nd_000780.wav,non_distress,0,bg
ml\muffled_training\generated\muffled_distress\asvp_f6d107e3135d_orig.wav,muffled_distress,1,asvp_asvp_f6d107e3135d
ml\muffled_training\generated\muffled_distress\scream_0023_extreme.wav,muffled_distress,1,scream_scream_0023
ml\muffled_training\generated\muffled_distress\scream_0086_light.wav,muffled_distress,1,scream_scream_0086
ml\muffled_training\generated\muffled_distress\asvp_783659ec1379_light.wav,muffled_distress,1,asvp_asvp_783659ec1379
ml\muffled_training\generated\muffled_distress\asvp_2c257f62c4ca_extreme.wav,muffled_distress,1,asvp_asvp_2c257f62c4ca
ml\muffled_training\generated\muffled_distress\scream_0051_extreme.wav,muffled_distress,1,scream_scream_0051
ml\muffled_training\generated\muffled_distress\asvp_cc0218d09d5d_heavy.wav,muffled_distress,1,asvp_asvp_cc0218d09d5d
ml\muffled_training\generated\muffled_distress\asvp_193efc4cf450_light.wav,muffled_distress,1,asvp_asvp_193efc4cf450
ml\muffled_training\generated\muffled_distress\cry_0082_orig.wav,muffled_distress,1,cry_cry_0082
ml\muffled_training\generated\muffled_distress\scream_0087_orig.wav,muffled_distress,1,scream_scream_0087
ml\muffled_training\generated\muffled_distress\asvp_d289b542d310_extreme.wav,muffled_distress,1,asvp_asvp_d289b542d310
ml\muffled_training\processed\non_distress\nd_000298.wav,non_distress,0,normal
ml\muffled_training\generated\muffled_distress\cry_0048_extreme.wav,muffled_distress,1,cry_cry_0048
ml\muffled_training\generated\muffled_distress\scream_0007_extreme.wav,muffled_distress,1,scream_scream_0007
ml\muffled_training\generated\muffled_distress\scream_0003_medium.wav,muffled_distress,1,scream_scream_0003
ml\muffled_training\generated\muffled_distress\cry_0109_medium.wav,muffled_distress,1,cry_cry_0109
ml\muffled_training\processed\non_distress\nd_000300.wav,non_distress,0,help
ml\muffled_training\processed\non_distress\nd_000049.wav,non_distress,0,normal
ml\muffled_training\generated\muffled_distress\scream_0114_extreme.wav,muffled_distress,1,scream_scream_0114
ml\muffled_training\generated\muffled_distress\asvp_1ee66bdafc44_heavy.wav,muffled_distress,1,asvp_asvp_1ee66bdafc44
ml\muffled_training\generated\muffled_distress\asvp_6f0b27a9717e_orig.wav,muffled_distress,1,asvp_asvp_6f0b27a9717e
ml\muffled_training\generated\muffled_distress\scream_0018_medium.wav,muffled_distress,1,scream_scream_0018
ml\muffled_training\generated\muffled_distress\asvp_6fe837464b5a_orig.wav,muffled_distress,1,asvp_asvp_6fe837464b5a
ml\muffled_training\generated\muffled_distress\asvp_e6a7b73e0394_orig.wav,muffled_distress,1,asvp_asvp_e6a7b73e0394
ml\muffled_training\processed\non_distress\nd_000639.wav,non_distress,0,noise
ml\muffled_training\processed\non_distress\nd_000827.wav,non_distress,0,bg
ml\muffled_training\generated\muffled_distress\cry_0104_heavy.wav,muffled_distress,1,cry_cry_0104
ml\muffled_training\generated\muffled_distress\asvp_cf2e053e4479_extreme.wav,muffled_distress,1,asvp_asvp_cf2e053e4479
ml\muffled_training\generated\muffled_distress\asvp_f06085184c07_orig.wav,muffled_distress,1,asvp_asvp_f06085184c07
ml\muffled_training\generated\muffled_distress\asvp_7083921d3cbc_medium.wav,muffled_distress,1,asvp_asvp_7083921d3cbc
ml\muffled_training\generated\muffled_distress\cry_0017_light.wav,muffled_distress,1,cry_cry_0017
ml\muffled_training\generated\muffled_distress\asvp_8774f2cd5ed4_medium.wav,muffled_distress,1,asvp_asvp_8774f2cd5ed4
ml\muffled_training\generated\muffled_distress\asvp_8336afe649ca_heavy.wav,muffled_distress,1,asvp_asvp_8336afe649ca
ml\muffled_training\generated\muffled_distress\asvp_5f5d2e1439a0_extreme.wav,muffled_distress,1,asvp_asvp_5f5d2e1439a0
ml\muffled_training\generated\muffled_distress\asvp_7eda76ba89f5_heavy.wav,muffled_distress,1,asvp_asvp_7eda76ba89f5
ml\muffled_training\generated\muffled_distress\asvp_7cfd0964c7bc_orig.wav,muffled_distress,1,asvp_asvp_7cfd0964c7bc
ml\muffled_training\generated\muffled_distress\asvp_35117a5b0c90_orig.wav,muffled_distress,1,asvp_asvp_35117a5b0c90
ml\muffled_training\generated\muffled_distress\asvp_d47125680168_heavy.wav,muffled_distress,1,asvp_asvp_d47125680168
ml\muffled_training\generated\muffled_distress\asvp_b57d60ee8c3a_orig.wav,muffled_distress,1,asvp_asvp_b57d60ee8c3a
ml\muffled_training\generated\muffled_distress\scream_0028_orig.wav,muffled_distress,1,scream_scream_0028
ml\muffled_training\processed\non_distress\nd_000727.wav,non_distress,0,bg
ml\muffled_training\processed\non_distress\nd_000171.wav,non_distress,0,normal
ml\muffled_training\generated\muffled_distress\asvp_f7d0ec19861a_extreme.wav,muffled_distress,1,asvp_asvp_f7d0ec19861a
ml\muffled_training\generated\muffled_distress\asvp_4ff6f8201a41_medium.wav,muffled_distress,1,asvp_asvp_4ff6f8201a41
ml\muffled_training\processed\non_distress\nd_000109.wav,non_distress,0,normal
ml\muffled_training\generated\muffled_distress\asvp_3a8ddf873ad7_heavy.wav,muffled_distress,1,asvp_asvp_3a8ddf873ad7
ml\muffled_training\generated\muffled_distress\asvp_e6586da044fc_heavy.wav,muffled_distress,1,asvp_asvp_e6586da044fc
ml\muffled_training\generated\muffled_distress\scream_0070_orig.wav,muffled_distress,1,scream_scream_0070
ml\muffled_training\generated\muffled_distress\asvp_1aad6415d4a6_medium.wav,muffled_distress,1,asvp_asvp_1aad6415d4a6
ml\muffled_training\generated\muffled_distress\asvp_f8b991ef8f8b_medium.wav,muffled_distress,1,asvp_asvp_f8b991ef8f8b
ml\muffled_training\generated\muffled_distress\asvp_72fedd72dceb_heavy.wav,muffled_distress,1,asvp_asvp_72fedd72dceb
ml\muffled_training\generated\muffled_distress\cry_0042_extreme.wav,muffled_distress,1,cry_cry_0042
ml\muffled_training\generated\muffled_distress\cry_0032_orig.wav,muffled_distress,1,cry_cry_0032
ml\muffled_training\processed\non_distress\nd_000450.wav,non_distress,0,noise
ml\muffled_training\generated\muffled_distress\asvp_96a1f6068f42_medium.wav,muffled_distress,1,asvp_asvp_96a1f6068f42
ml\muffled_training\generated\muffled_distress\asvp_138714588cda_light.wav,muffled_distress,1,asvp_asvp_138714588cda
ml\muffled_training\generated\muffled_distress\scream_0027_extreme.wav,muffled_distress,1,scream_scream_0027
ml\muffled_training\generated\muffled_distress\scream_0011_heavy.wav,muffled_distress,1,scream_scream_0011
ml\muffled_training\generated\muffled_distress\scream_0010_light.wav,muffled_distress,1,scream_scream_0010
ml\muffled_training\processed\non_distress\nd_000404.wav,non_distress,0,help
ml\muffled_training\generated\muffled_distress\scream_0072_light.wav,muffled_distress,1,scream_scream_0072
ml\muffled_training\generated\muffled_distress\asvp_4028cbc3033c_orig.wav,muffled_distress,1,asvp_asvp_4028cbc3033c
ml\muffled_training\generated\muffled_distress\asvp_e6fb9344dc56_extreme.wav,muffled_distress,1,asvp_asvp_e6fb9344dc56
ml\muffled_training\processed\non_distress\nd_000134.wav,non_distress,0,normal
ml\muffled_training\generated\muffled_distress\cry_0031_heavy.wav,muffled_distress,1,cry_cry_0031
ml\muffled_training\generated\muffled_distress\asvp_96a1f6068f42_light.wav,muffled_distress,1,asvp_asvp_96a1f6068f42
ml\muffled_training\processed\non_distress\nd_000029.wav,non_distress,0,normal
ml\muffled_training\processed\non_distress\nd_000410.wav,non_distress,0,help
ml\muffled_training\generated\muffled_distress\scream_0035_medium.wav,muffled_distress,1,scream_scream_0035
ml\muffled_training\processed\non_distress\nd_000801.wav,non_distress,0,bg
ml\muffled_training\generated\muffled_distress\asvp_cb46618d54c9_heavy.wav,muffled_distress,1,asvp_asvp_cb46618d54c9
ml\muffled_training\processed\non_distress\nd_000593.wav,non_distress,0,noise
ml\muffled_training\processed\non_distress\nd_000767.wav,non_distress,0,bg
ml\muffled_training\generated\muffled_distress\asvp_ad30c4cd737f_heavy.wav,muffled_distress,1,asvp_asvp_ad30c4cd737f
ml\muffled_training\generated\muffled_distress\asvp_cf2876ad5ab7_light.wav,muffled_distress,1,asvp_asvp_cf2876ad5ab7
ml\muffled_training\generated\muffled_distress\scream_0081_medium.wav,muffled_distress,1,scream_scream_0081
ml\muffled_training\generated\muffled_distress\asvp_1b49f625191d_extreme.wav,muffled_distress,1,asvp_asvp_1b49f625191d
ml\muffled_training\processed\non_distress\nd_000358.wav,non_distress,0,help
ml\muffled_training\generated\muffled_distress\scream_0015_medium.wav,muffled_distress,1,scream_scream_0015
ml\muffled_training\generated\muffled_distress\scream_0077_extreme.wav,muffled_distress,1,scream_scream_0077
ml\muffled_training\generated\muffled_distress\asvp_16f3e093966f_medium.wav,muffled_distress,1,asvp_asvp_16f3e093966f
ml\muffled_training\generated\muffled_distress\asvp_6065e1775637_medium.wav,muffled_distress,1,asvp_asvp_6065e1775637
ml\muffled_training\generated\muffled_distress\cry_0086_orig.wav,muffled_distress,1,cry_cry_0086
ml\muffled_training\generated\muffled_distress\scream_0096_orig.wav,muffled_distress,1,scream_scream_0096
ml\muffled_training\generated\muffled_distress\asvp_11394e735d09_light.wav,muffled_distress,1,asvp_asvp_11394e735d09
ml\muffled_training\generated\muffled_distress\asvp_0b26a15e8620_medium.wav,muffled_distress,1,asvp_asvp_0b26a15e8620
ml\muffled_training\generated\muffled_distress\asvp_9834395b111e_orig.wav,muffled_distress,1,asvp_asvp_9834395b111e
ml\muffled_training\generated\muffled_distress\asvp_9c637f304f53_orig.wav,muffled_distress,1,asvp_asvp_9c637f304f53
ml\muffled_training\processed\non_distress\nd_000084.wav,non_distress,0,normal
ml\muffled_training\generated\muffled_distress\scream_0052_medium.wav,muffled_distress,1,scream_scream_0052
ml\muffled_training\generated\muffled_distress\asvp_ad30c4cd737f_extreme.wav,muffled_distress,1,asvp_asvp_ad30c4cd737f
ml\muffled_training\processed\non_distress\nd_000170.wav,non_distress,0,normal
ml\muffled_training\generated\muffled_distress\asvp_11394e735d09_orig.wav,muffled_distress,1,asvp_asvp_11394e735d09
ml\muffled_training\generated\muffled_distress\scream_0036_orig.wav,muffled_distress,1,scream_scream_0036
ml\muffled_training\generated\muffled_distress\asvp_5de950ccf7ed_medium.wav,muffled_distress,1,asvp_asvp_5de950ccf7ed
ml\muffled_training\processed\non_distress\nd_000609.wav,non_distress,0,noise
ml\muffled_training\generated\muffled_distress\asvp_64bb5c23ce49_orig.wav,muffled_distress,1,asvp_asvp_64bb5c23ce49
ml\muffled_training\generated\muffled_distress\asvp_dc74637230df_heavy.wav,muffled_distress,1,asvp_asvp_dc74637230df
ml\muffled_training\generated\muffled_distress\cry_0101_extreme.wav,muffled_distress,1,cry_cry_0101
ml\muffled_training\processed\non_distress\nd_000133.wav,non_distress,0,normal
ml\muffled_training\generated\muffled_distress\asvp_14bab6411562_extreme.wav,muffled_distress,1,asvp_asvp_14bab6411562
ml\muffled_training\generated\muffled_distress\asvp_92b99b48c915_orig.wav,muffled_distress,1,asvp_asvp_92b99b48c915
ml\muffled_training\generated\muffled_distress\asvp_32abd0d1e8e8_extreme.wav,muffled_distress,1,asvp_asvp_32abd0d1e8e8
ml\muffled_training\generated\muffled_distress\scream_0039_light.wav,muffled_distress,1,scream_scream_0039
ml\muffled_training\processed\non_distress\nd_000276.wav,non_distress,0,normal
ml\muffled_training\generated\muffled_distress\scream_0078_orig.wav,muffled_distress,1,scream_scream_0078
ml\muffled_training\processed\non_distress\nd_000473.wav,non_distress,0,noise
ml\muffled_training\generated\muffled_distress\cry_0114_extreme.wav,muffled_distress,1,cry_cry_0114
ml\muffled_training\generated\muffled_distress\asvp_dfbc8c7091f0_light.wav,muffled_distress,1,asvp_asvp_dfbc8c7091f0
ml\muffled_training\generated\muffled_distress\asvp_e40c3bc97149_light.wav,muffled_distress,1,asvp_asvp_e40c3bc97149
ml\muffled_training\generated\muffled_distress\asvp_c84f1acf3198_light.wav,muffled_distress,1,asvp_asvp_c84f1acf3198
ml\muffled_training\generated\muffled_distress\cry_0061_light.wav,muffled_distress,1,cry_cry_0061
ml\muffled_training\generated\muffled_distress\scream_0111_heavy.wav,muffled_distress,1,scream_scream_0111
ml\muffled_training\generated\muffled_distress\asvp_969df755a2e4_extreme.wav,muffled_distress,1,asvp_asvp_969df755a2e4
ml\muffled_training\generated\muffled_distress\asvp_cb46618d54c9_light.wav,muffled_distress,1,asvp_asvp_cb46618d54c9
ml\muffled_training\generated\muffled_distress\scream_0094_light.wav,muffled_distress,1,scream_scream_0094
ml\muffled_training\processed\non_distress\nd_000505.wav,non_distress,0,noise
ml\muffled_training\generated\muffled_distress\cry_0104_orig.wav,muffled_distress,1,cry_cry_0104
ml\muffled_training\generated\muffled_distress\asvp_9cac64a5e461_orig.wav,muffled_distress,1,asvp_asvp_9cac64a5e461
ml\muffled_training\generated\muffled_distress\asvp_a84787c05476_light.wav,muffled_distress,1,asvp_asvp_a84787c05476
ml\muffled_training\processed\non_distress\nd_000608.wav,non_distress,0,noise
ml\muffled_training\generated\muffled_distress\cry_0016_medium.wav,muffled_distress,1,cry_cry_0016
ml\muffled_training\generated\muffled_distress\asvp_3cb19f97320b_medium.wav,muffled_distress,1,asvp_asvp_3cb19f97320b
ml\muffled_training\generated\muffled_distress\asvp_16df456906ff_extreme.wav,muffled_distress,1,asvp_asvp_16df456906ff
ml\muffled_training\generated\muffled_distress\asvp_e812819abaa0_medium.wav,muffled_distress,1,asvp_asvp_e812819abaa0
ml\muffled_training\processed\non_distress\nd_000732.wav,non_distress,0,bg
ml\muffled_training\generated\muffled_distress\scream_0048_light.wav,muffled_distress,1,scream_scream_0048
ml\muffled_training\generated\muffled_distress\asvp_341734340689_heavy.wav,muffled_distress,1,asvp_asvp_341734340689
ml\muffled_training\generated\muffled_distress\asvp_d289b542d310_heavy.wav,muffled_distress,1,asvp_asvp_d289b542d310
ml\muffled_training\generated\muffled_distress\asvp_3b31bed25dbb_orig.wav,muffled_distress,1,asvp_asvp_3b31bed25dbb
ml\muffled_training\generated\muffled_distress\asvp_413f8b92c55e_extreme.wav,muffled_distress,1,asvp_asvp_413f8b92c55e
ml\muffled_training\generated\muffled_distress\asvp_54652eea915c_extreme.wav,muffled_distress,1,asvp_asvp_54652eea915c
ml\muffled_training\generated\muffled_distress\asvp_30b6f7dc8347_extreme.wav,muffled_distress,1,asvp_asvp_30b6f7dc8347
ml\muffled_training\generated\muffled_distress\cry_0115_light.wav,muffled_distress,1,cry_cry_0115
ml\muffled_training\generated\muffled_distress\asvp_47926862d6ba_heavy.wav,muffled_distress,1,asvp_asvp_47926862d6ba
ml\muffled_training\generated\muffled_distress\scream_0039_orig.wav,muffled_distress,1,scream_scream_0039
ml\muffled_training\processed\non_distress\nd_000119.wav,non_distress,0,normal
ml\muffled_training\generated\muffled_distress\asvp_e6586da044fc_light.wav,muffled_distress,1,asvp_asvp_e6586da044fc
ml\muffled_training\generated\muffled_distress\cry_0035_medium.wav,muffled_distress,1,cry_cry_0035
ml\muffled_training\generated\muffled_distress\asvp_fe6f36706641_extreme.wav,muffled_distress,1,asvp_asvp_fe6f36706641
ml\muffled_training\processed\non_distress\nd_000293.wav,non_distress,0,normal
ml\muffled_training\generated\muffled_distress\asvp_783659ec1379_orig.wav,muffled_distress,1,asvp_asvp_783659ec1379
ml\muffled_training\generated\muffled_distress\cry_0017_extreme.wav,muffled_distress,1,cry_cry_0017
ml\muffled_training\generated\muffled_distress\cry_0071_orig.wav,muffled_distress,1,cry_cry_0071
ml\muffled_training\generated\muffled_distress\scream_0033_orig.wav,muffled_distress,1,scream_scream_0033
ml\muffled_training\processed\non_distress\nd_000273.wav,non_distress,0,normal
ml\muffled_training\generated\muffled_distress\cry_0108_orig.wav,muffled_distress,1,cry_cry_0108
ml\muffled_training\generated\muffled_distress\cry_0100_heavy.wav,muffled_distress,1,cry_cry_0100
ml\muffled_training\generated\muffled_distress\cry_0109_orig.wav,muffled_distress,1,cry_cry_0109
ml\muffled_training\generated\muffled_distress\scream_0040_light.wav,muffled_distress,1,scream_scream_0040
ml\muffled_training\processed\non_distress\nd_000281.wav,non_distress,0,normal
ml\muffled_training\generated\muffled_distress\asvp_38c3305caa67_extreme.wav,muffled_distress,1,asvp_asvp_38c3305caa67
ml\muffled_training\processed\non_distress\nd_000111.wav,non_distress,0,normal
ml\muffled_training\generated\muffled_distress\asvp_6f3990c53f7b_medium.wav,muffled_distress,1,asvp_asvp_6f3990c53f7b
ml\muffled_training\generated\muffled_distress\asvp_45ac13c46941_heavy.wav,muffled_distress,1,asvp_asvp_45ac13c46941
ml\muffled_training\processed\non_distress\nd_000209.wav,non_distress,0,normal
ml\muffled_training\generated\muffled_distress\cry_0005_medium.wav,muffled_distress,1,cry_cry_0005
ml\muffled_training\generated\muffled_distress\asvp_65b02842e513_orig.wav,muffled_distress,1,asvp_asvp_65b02842e513
ml\muffled_training\generated\muffled_distress\cry_0056_medium.wav,muffled_distress,1,cry_cry_0056
ml\muffled_training\generated\muffled_distress\scream_0083_heavy.wav,muffled_distress,1,scream_scream_0083
ml\muffled_training\generated\muffled_distress\scream_0032_extreme.wav,muffled_distress,1,scream_scream_0032
ml\muffled_training\generated\muffled_distress\scream_0025_light.wav,muffled_distress,1,scream_scream_0025
ml\muffled_training\generated\muffled_distress\asvp_86be64542eca_orig.wav,muffled_distress,1,asvp_asvp_86be64542eca
ml\muffled_training\generated\muffled_distress\asvp_cea8dccc79a0_light.wav,muffled_distress,1,asvp_asvp_cea8dccc79a0
ml\muffled_training\processed\non_distress\nd_000799.wav,non_distress,0,bg
ml\muffled_training\generated\muffled_distress\asvp_4c349ae8a819_heavy.wav,muffled_distress,1,asvp_asvp_4c349ae8a819
ml\muffled_training\generated\muffled_distress\asvp_252fd76f0f31_light.wav,muffled_distress,1,asvp_asvp_252fd76f0f31
ml\muffled_training\processed\non_distress\nd_000676.wav,non_distress,0,noise
ml\muffled_training\generated\muffled_distress\asvp_8ffc319171a3_extreme.wav,muffled_distress,1,asvp_asvp_8ffc319171a3
ml\muffled_training\processed\non_distress\nd_000369.wav,non_distress,0,help
ml\muffled_training\generated\muffled_distress\asvp_7aeb663ab445_light.wav,muffled_distress,1,asvp_asvp_7aeb663ab445
ml\muffled_training\generated\muffled_distress\scream_0118_light.wav,muffled_distress,1,scream_scream_0118
ml\muffled_training\generated\muffled_distress\asvp_f4f80800ff70_medium.wav,muffled_distress,1,asvp_asvp_f4f80800ff70
ml\muffled_training\generated\muffled_distress\cry_0119_extreme.wav,muffled_distress,1,cry_cry_0119
ml\muffled_training\processed\non_distress\nd_000398.wav,non_distress,0,help
ml\muffled_training\generated\muffled_distress\cry_0103_extreme.wav,muffled_distress,1,cry_cry_0103
ml\muffled_training\generated\muffled_distress\scream_0089_orig.wav,muffled_distress,1,scream_scream_0089
ml\muffled_training\generated\muffled_distress\asvp_3a8ddf873ad7_light.wav,muffled_distress,1,asvp_asvp_3a8ddf873ad7
ml\muffled_training\processed\non_distress\nd_000327.wav,non_distress,0,help
ml\muffled_training\generated\muffled_distress\asvp_0525fd8a4fed_medium.wav,muffled_distress,1,asvp_asvp_0525fd8a4fed
ml\muffled_training\generated\muffled_distress\asvp_86de3b53acef_extreme.wav,muffled_distress,1,asvp_asvp_86de3b53acef
ml\muffled_training\generated\muffled_distress\asvp_282fd566ba05_orig.wav,muffled_distress,1,asvp_asvp_282fd566ba05
ml\muffled_training\generated\muffled_distress\cry_0095_medium.wav,muffled_distress,1,cry_cry_0095
ml\muffled_training\generated\muffled_distress\asvp_89182cd8558d_orig.wav,muffled_distress,1,asvp_asvp_89182cd8558d
ml\muffled_training\generated\muffled_distress\asvp_e2d5002dbd44_light.wav,muffled_distress,1,asvp_asvp_e2d5002dbd44
ml\muffled_training\generated\muffled_distress\scream_0112_orig.wav,muffled_distress,1,scream_scream_0112
ml\muffled_training\generated\muffled_distress\asvp_86de3b53acef_heavy.wav,muffled_distress,1,asvp_asvp_86de3b53acef
ml\muffled_training\generated\muffled_distress\asvp_ca246817d27a_extreme.wav,muffled_distress,1,asvp_asvp_ca246817d27a
ml\muffled_training\generated\muffled_distress\asvp_8d3a699fcb68_extreme.wav,muffled_distress,1,asvp_asvp_8d3a699fcb68
ml\muffled_training\generated\muffled_distress\scream_0066_orig.wav,muffled_distress,1,scream_scream_0066
ml\muffled_training\generated\muffled_distress\scream_0086_extreme.wav,muffled_distress,1,scream_scream_0086
ml\muffled_training\processed\non_distress\nd_000541.wav,non_distress,0,noise
ml\muffled_training\generated\muffled_distress\asvp_16f3e093966f_extreme.wav,muffled_distress,1,asvp_asvp_16f3e093966f
ml\muffled_training\generated\muffled_distress\cry_0077_light.wav,muffled_distress,1,cry_cry_0077
ml\muffled_training\generated\muffled_distress\asvp_9b7a43714ebd_light.wav,muffled_distress,1,asvp_asvp_9b7a43714ebd
ml\muffled_training\generated\muffled_distress\scream_0040_orig.wav,muffled_distress,1,scream_scream_0040
ml\muffled_training\generated\muffled_distress\asvp_8ffc319171a3_heavy.wav,muffled_distress,1,asvp_asvp_8ffc319171a3
ml\muffled_training\processed\non_distress\nd_000577.wav,non_distress,0,noise
ml\muffled_training\generated\muffled_distress\scream_0020_orig.wav,muffled_distress,1,scream_scream_0020
ml\muffled_training\processed\non_distress\nd_000763.wav,non_distress,0,bg
ml\muffled_training\generated\muffled_distress\asvp_84e6bc836dc6_heavy.wav,muffled_distress,1,asvp_asvp_84e6bc836dc6
ml\muffled_training\generated\muffled_distress\scream_0047_medium.wav,muffled_distress,1,scream_scream_0047
ml\muffled_training\processed\non_distress\nd_000326.wav,non_distress,0,help
ml\muffled_training\generated\muffled_distress\cry_0030_light.wav,muffled_distress,1,cry_cry_0030
ml\muffled_training\generated\muffled_distress\asvp_edb786e14f7a_heavy.wav,muffled_distress,1,asvp_asvp_edb786e14f7a
ml\muffled_training\generated\muffled_distress\cry_0041_light.wav,muffled_distress,1,cry_cry_0041
ml\muffled_training\generated\muffled_distress\asvp_c77b6697b2bc_extreme.wav,muffled_distress,1,asvp_asvp_c77b6697b2bc
ml\muffled_training\generated\muffled_distress\scream_0038_orig.wav,muffled_distress,1,scream_scream_0038
ml\muffled_training\generated\muffled_distress\scream_0028_light.wav,muffled_distress,1,scream_scream_0028
ml\muffled_training\processed\non_distress\nd_000657.wav,non_distress,0,noise
ml\muffled_training\generated\muffled_distress\asvp_bcdf3f6cc648_orig.wav,muffled_distress,1,asvp_asvp_bcdf3f6cc648
ml\muffled_training\processed\non_distress\nd_000575.wav,non_distress,0,noise
ml\muffled_training\generated\muffled_distress\asvp_290fb89ecb91_extreme.wav,muffled_distress,1,asvp_asvp_290fb89ecb91
ml\muffled_training\generated\muffled_distress\asvp_3b31bed25dbb_extreme.wav,muffled_distress,1,asvp_asvp_3b31bed25dbb
ml\muffled_training\processed\non_distress\nd_000794.wav,non_distress,0,bg
ml\muffled_training\processed\non_distress\nd_000586.wav,non_distress,0,noise
ml\muffled_training\processed\non_distress\nd_000525.wav,non_distress,0,noise
ml\muffled_training\generated\muffled_distress\cry_0097_light.wav,muffled_distress,1,cry_cry_0097
ml\muffled_training\generated\muffled_distress\cry_0116_medium.wav,muffled_distress,1,cry_cry_0116
ml\muffled_training\generated\muffled_distress\asvp_6df2f1dbbc49_light.wav,muffled_distress,1,asvp_asvp_6df2f1dbbc49
ml\muffled_training\generated\muffled_distress\scream_0012_orig.wav,muffled_distress,1,scream_scream_0012
ml\muffled_training\generated\muffled_distress\asvp_54652eea915c_heavy.wav,muffled_distress,1,asvp_asvp_54652eea915c
ml\muffled_training\generated\muffled_distress\cry_0013_orig.wav,muffled_distress,1,cry_cry_0013
ml\muffled_training\generated\muffled_distress\scream_0013_heavy.wav,muffled_distress,1,scream_scream_0013
ml\muffled_training\generated\muffled_distress\scream_0060_light.wav,muffled_distress,1,scream_scream_0060
ml\muffled_training\generated\muffled_distress\scream_0119_orig.wav,muffled_distress,1,scream_scream_0119
ml\muffled_training\processed\non_distress\nd_000550.wav,non_distress,0,noise
ml\muffled_training\processed\non_distress\nd_000126.wav,non_distress,0,normal
ml\muffled_training\processed\non_distress\nd_000791.wav,non_distress,0,bg
ml\muffled_training\generated\muffled_distress\asvp_0242297ec458_orig.wav,muffled_distress,1,asvp_asvp_0242297ec458
ml\muffled_training\generated\muffled_distress\asvp_1093759d4d6b_medium.wav,muffled_distress,1,asvp_asvp_1093759d4d6b
ml\muffled_training\generated\muffled_distress\asvp_d258bb6f2056_medium.wav,muffled_distress,1,asvp_asvp_d258bb6f2056
ml\muffled_training\generated\muffled_distress\asvp_84c55fb7fd41_extreme.wav,muffled_distress,1,asvp_asvp_84c55fb7fd41
ml\muffled_training\generated\muffled_distress\asvp_45ac13c46941_light.wav,muffled_distress,1,asvp_asvp_45ac13c46941
ml\muffled_training\generated\muffled_distress\asvp_0bb04b696483_heavy.wav,muffled_distress,1,asvp_asvp_0bb04b696483
ml\muffled_training\generated\muffled_distress\asvp_64f6907c388c_light.wav,muffled_distress,1,asvp_asvp_64f6907c388c
ml\muffled_training\processed\non_distress\nd_000629.wav,non_distress,0,noise
ml\muffled_training\generated\muffled_distress\asvp_b92a7b9f4d1b_extreme.wav,muffled_distress,1,asvp_asvp_b92a7b9f4d1b
ml\muffled_training\generated\muffled_distress\scream_0107_light.wav,muffled_distress,1,scream_scream_0107
ml\muffled_training\generated\muffled_distress\asvp_cef1e70eab93_extreme.wav,muffled_distress,1,asvp_asvp_cef1e70eab93
ml\muffled_training\processed\non_distress\nd_000527.wav,non_distress,0,noise
ml\muffled_training\generated\muffled_distress\scream_0007_heavy.wav,muffled_distress,1,scream_scream_0007
ml\muffled_training\generated\muffled_distress\asvp_5f6dc0907c01_orig.wav,muffled_distress,1,asvp_asvp_5f6dc0907c01
ml\muffled_training\generated\muffled_distress\asvp_26cc7faa7a12_medium.wav,muffled_distress,1,asvp_asvp_26cc7faa7a12
ml\muffled_training\generated\muffled_distress\scream_0069_light.wav,muffled_distress,1,scream_scream_0069
ml\muffled_training\generated\muffled_distress\asvp_73860d27d2f7_light.wav,muffled_distress,1,asvp_asvp_73860d27d2f7
ml\muffled_training\generated\muffled_distress\asvp_2753befc8820_heavy.wav,muffled_distress,1,asvp_asvp_2753befc8820
ml\muffled_training\processed\non_distress\nd_000032.wav,non_distress,0,normal
ml\muffled_training\generated\muffled_distress\cry_0009_light.wav,muffled_distress,1,cry_cry_0009
ml\muffled_training\generated\muffled_distress\asvp_444a8e31cfd0_light.wav,muffled_distress,1,asvp_asvp_444a8e31cfd0
ml\muffled_training\generated\muffled_distress\scream_0059_heavy.wav,muffled_distress,1,scream_scream_0059
ml\muffled_training\processed\non_distress\nd_000669.wav,non_distress,0,noise
ml\muffled_training\generated\muffled_distress\asvp_9459e92d2dc6_orig.wav,muffled_distress,1,asvp_asvp_9459e92d2dc6
ml\muffled_training\generated\muffled_distress\asvp_d3d608f0de34_heavy.wav,muffled_distress,1,asvp_asvp_d3d608f0de34
ml\muffled_training\processed\non_distress\nd_000013.wav,non_distress,0,normal
ml\muffled_training\processed\non_distress\nd_000443.wav,non_distress,0,noise
ml\muffled_training\processed\non_distress\nd_000729.wav,non_distress,0,bg
ml\muffled_training\generated\muffled_distress\scream_0006_extreme.wav,muffled_distress,1,scream_scream_0006
ml\muffled_training\generated\muffled_distress\asvp_5b49430aa383_medium.wav,muffled_distress,1,asvp_asvp_5b49430aa383
ml\muffled_training\generated\muffled_distress\asvp_193efc4cf450_medium.wav,muffled_distress,1,asvp_asvp_193efc4cf450
ml\muffled_training\generated\muffled_distress\asvp_ef46ec1a958b_orig.wav,muffled_distress,1,asvp_asvp_ef46ec1a958b
ml\muffled_training\processed\non_distress\nd_000324.wav,non_distress,0,help
ml\muffled_training\generated\muffled_distress\scream_0029_heavy.wav,muffled_distress,1,scream_scream_0029
ml\muffled_training\processed\non_distress\nd_000283.wav,non_distress,0,normal
ml\muffled_training\generated\muffled_distress\scream_0034_heavy.wav,muffled_distress,1,scream_scream_0034
ml\muffled_training\generated\muffled_distress\asvp_3498a227e3e8_heavy.wav,muffled_distress,1,asvp_asvp_3498a227e3e8
ml\muffled_training\generated\muffled_distress\cry_0112_orig.wav,muffled_distress,1,cry_cry_0112
ml\muffled_training\generated\muffled_distress\scream_0038_extreme.wav,muffled_distress,1,scream_scream_0038
ml\muffled_training\generated\muffled_distress\asvp_1aad6415d4a6_heavy.wav,muffled_distress,1,asvp_asvp_1aad6415d4a6
ml\muffled_training\generated\muffled_distress\asvp_cf2e053e4479_light.wav,muffled_distress,1,asvp_asvp_cf2e053e4479
ml\muffled_training\processed\non_distress\nd_000206.wav,non_distress,0,normal
ml\muffled_training\generated\muffled_distress\cry_0085_heavy.wav,muffled_distress,1,cry_cry_0085
ml\muffled_training\generated\muffled_distress\cry_0018_orig.wav,muffled_distress,1,cry_cry_0018
ml\muffled_training\generated\muffled_distress\asvp_6b5ee66f820a_extreme.wav,muffled_distress,1,asvp_asvp_6b5ee66f820a
ml\muffled_training\generated\muffled_distress\asvp_fd399d441ca5_medium.wav,muffled_distress,1,asvp_asvp_fd399d441ca5
ml\muffled_training\generated\muffled_distress\asvp_65b02842e513_heavy.wav,muffled_distress,1,asvp_asvp_65b02842e513
ml\muffled_training\generated\muffled_distress\asvp_7e9028e938ad_medium.wav,muffled_distress,1,asvp_asvp_7e9028e938ad
ml\muffled_training\processed\non_distress\nd_000804.wav,non_distress,0,bg
ml\muffled_training\generated\muffled_distress\asvp_71354cd01bff_heavy.wav,muffled_distress,1,asvp_asvp_71354cd01bff
ml\muffled_training\generated\muffled_distress\asvp_9834395b111e_extreme.wav,muffled_distress,1,asvp_asvp_9834395b111e
ml\muffled_training\generated\muffled_distress\asvp_89182cd8558d_extreme.wav,muffled_distress,1,asvp_asvp_89182cd8558d
ml\muffled_training\generated\muffled_distress\asvp_80b64f205e1b_orig.wav,muffled_distress,1,asvp_asvp_80b64f205e1b
ml\muffled_training\generated\muffled_distress\asvp_444a8e31cfd0_orig.wav,muffled_distress,1,asvp_asvp_444a8e31cfd0
ml\muffled_training\generated\muffled_distress\scream_0009_medium.wav,muffled_distress,1,scream_scream_0009
ml\muffled_training\generated\muffled_distress\cry_0005_heavy.wav,muffled_distress,1,cry_cry_0005
ml\muffled_training\processed\non_distress\nd_000764.wav,non_distress,0,bg
ml\muffled_training\generated\muffled_distress\scream_0050_heavy.wav,muffled_distress,1,scream_scream_0050
ml\muffled_training\processed\non_distress\nd_000612.wav,non_distress,0,noise
ml\muffled_training\generated\muffled_distress\asvp_de13e2b65089_light.wav,muffled_distress,1,asvp_asvp_de13e2b65089
ml\muffled_training\generated\muffled_distress\scream_0018_light.wav,muffled_distress,1,scream_scream_0018
ml\muffled_training\generated\muffled_distress\asvp_5f6dc0907c01_light.wav,muffled_distress,1,asvp_asvp_5f6dc0907c01
ml\muffled_training\generated\muffled_distress\scream_0074_light.wav,muffled_distress,1,scream_scream_0074
ml\muffled_training\processed\non_distress\nd_000786.wav,non_distress,0,bg
ml\muffled_training\processed\non_distress\nd_000421.wav,non_distress,0,noise
ml\muffled_training\generated\muffled_distress\scream_0077_heavy.wav,muffled_distress,1,scream_scream_0077
ml\muffled_training\generated\muffled_distress\asvp_032fd93abfb5_orig.wav,muffled_distress,1,asvp_asvp_032fd93abfb5
ml\muffled_training\generated\muffled_distress\asvp_f723bedb398d_medium.wav,muffled_distress,1,asvp_asvp_f723bedb398d
ml\muffled_training\generated\muffled_distress\asvp_f06085184c07_light.wav,muffled_distress,1,asvp_asvp_f06085184c07
ml\muffled_training\processed\non_distress\nd_000347.wav,non_distress,0,help
ml\muffled_training\processed\non_distress\nd_000576.wav,non_distress,0,noise
ml\muffled_training\generated\muffled_distress\asvp_7add25370aa0_heavy.wav,muffled_distress,1,asvp_asvp_7add25370aa0
ml\muffled_training\generated\muffled_distress\scream_0045_orig.wav,muffled_distress,1,scream_scream_0045
ml\muffled_training\generated\muffled_distress\asvp_bd4cd1f8873f_orig.wav,muffled_distress,1,asvp_asvp_bd4cd1f8873f
ml\muffled_training\generated\muffled_distress\asvp_0f120edcd903_medium.wav,muffled_distress,1,asvp_asvp_0f120edcd903
ml\muffled_training\generated\muffled_distress\cry_0051_medium.wav,muffled_distress,1,cry_cry_0051
ml\muffled_training\generated\muffled_distress\asvp_9834395b111e_light.wav,muffled_distress,1,asvp_asvp_9834395b111e
ml\muffled_training\processed\non_distress\nd_000613.wav,non_distress,0,noise
ml\muffled_training\generated\muffled_distress\scream_0083_light.wav,muffled_distress,1,scream_scream_0083
ml\muffled_training\generated\muffled_distress\cry_0001_orig.wav,muffled_distress,1,cry_cry_0001
ml\muffled_training\generated\muffled_distress\asvp_f6d107e3135d_extreme.wav,muffled_distress,1,asvp_asvp_f6d107e3135d
ml\muffled_training\generated\muffled_distress\scream_0024_heavy.wav,muffled_distress,1,scream_scream_0024
ml\muffled_training\processed\non_distress\nd_000050.wav,non_distress,0,normal
ml\muffled_training\generated\muffled_distress\cry_0095_orig.wav,muffled_distress,1,cry_cry_0095
ml\muffled_training\processed\non_distress\nd_000329.wav,non_distress,0,help
ml\muffled_training\generated\muffled_distress\asvp_8b118185bbb7_light.wav,muffled_distress,1,asvp_asvp_8b118185bbb7
ml\muffled_training\processed\non_distress\nd_000684.wav,non_distress,0,noise
ml\muffled_training\processed\non_distress\nd_000726.wav,non_distress,0,bg
ml\muffled_training\generated\muffled_distress\asvp_d72d668a0106_extreme.wav,muffled_distress,1,asvp_asvp_d72d668a0106
ml\muffled_training\processed\non_distress\nd_000815.wav,non_distress,0,bg
ml\muffled_training\processed\non_distress\nd_000766.wav,non_distress,0,bg
ml\muffled_training\processed\non_distress\nd_000630.wav,non_distress,0,noise
ml\muffled_training\processed\non_distress\nd_000828.wav,non_distress,0,bg
ml\muffled_training\processed\non_distress\nd_000234.wav,non_distress,0,normal
ml\muffled_training\generated\muffled_distress\scream_0015_heavy.wav,muffled_distress,1,scream_scream_0015
ml\muffled_training\generated\muffled_distress\scream_0072_orig.wav,muffled_distress,1,scream_scream_0072
ml\muffled_training\generated\muffled_distress\asvp_28afffd9b81e_orig.wav,muffled_distress,1,asvp_asvp_28afffd9b81e
ml\muffled_training\generated\muffled_distress\scream_0011_extreme.wav,muffled_distress,1,scream_scream_0011
ml\muffled_training\generated\muffled_distress\cry_0005_light.wav,muffled_distress,1,cry_cry_0005
ml\muffled_training\generated\muffled_distress\asvp_4094b91ddc61_orig.wav,muffled_distress,1,asvp_asvp_4094b91ddc61
ml\muffled_training\generated\muffled_distress\cry_0053_heavy.wav,muffled_distress,1,cry_cry_0053
ml\muffled_training\processed\non_distress\nd_000825.wav,non_distress,0,bg
ml\muffled_training\generated\muffled_distress\asvp_390996f298d2_extreme.wav,muffled_distress,1,asvp_asvp_390996f298d2
ml\muffled_training\generated\muffled_distress\scream_0073_heavy.wav,muffled_distress,1,scream_scream_0073
ml\muffled_training\generated\muffled_distress\asvp_2a8976228636_extreme.wav,muffled_distress,1,asvp_asvp_2a8976228636
ml\muffled_training\generated\muffled_distress\cry_0088_medium.wav,muffled_distress,1,cry_cry_0088
ml\muffled_training\processed\non_distress\nd_000123.wav,non_distress,0,normal
ml\muffled_training\generated\muffled_distress\cry_0006_heavy.wav,muffled_distress,1,cry_cry_0006
ml\muffled_training\generated\muffled_distress\asvp_ae99b8091705_extreme.wav,muffled_distress,1,asvp_asvp_ae99b8091705
ml\muffled_training\generated\muffled_distress\cry_0119_medium.wav,muffled_distress,1,cry_cry_0119
ml\muffled_training\generated\muffled_distress\cry_0049_heavy.wav,muffled_distress,1,cry_cry_0049
ml\muffled_training\generated\muffled_distress\asvp_d9e080026457_orig.wav,muffled_distress,1,asvp_asvp_d9e080026457
ml\muffled_training\generated\muffled_distress\asvp_4028cbc3033c_extreme.wav,muffled_distress,1,asvp_asvp_4028cbc3033c
ml\muffled_training\processed\non_distress\nd_000380.wav,non_distress,0,help
ml\muffled_training\generated\muffled_distress\cry_0026_heavy.wav,muffled_distress,1,cry_cry_0026
ml\muffled_training\processed\non_distress\nd_000754.wav,non_distress,0,bg
ml\muffled_training\generated\muffled_distress\asvp_efac366dd167_heavy.wav,muffled_distress,1,asvp_asvp_efac366dd167
ml\muffled_training\generated\muffled_distress\cry_0038_extreme.wav,muffled_distress,1,cry_cry_0038
ml\muffled_training\generated\muffled_distress\asvp_9b316aab3d66_orig.wav,muffled_distress,1,asvp_asvp_9b316aab3d66
ml\muffled_training\processed\non_distress\nd_000583.wav,non_distress,0,noise
ml\muffled_training\generated\muffled_distress\cry_0052_light.wav,muffled_distress,1,cry_cry_0052
ml\muffled_training\generated\muffled_distress\asvp_8d476f1b979d_orig.wav,muffled_distress,1,asvp_asvp_8d476f1b979d
ml\muffled_training\processed\non_distress\nd_000036.wav,non_distress,0,normal
ml\muffled_training\generated\muffled_distress\scream_0054_heavy.wav,muffled_distress,1,scream_scream_0054
ml\muffled_training\generated\muffled_distress\cry_0052_medium.wav,muffled_distress,1,cry_cry_0052
ml\muffled_training\processed\non_distress\nd_000377.wav,non_distress,0,help
ml\muffled_training\generated\muffled_distress\scream_0116_heavy.wav,muffled_distress,1,scream_scream_0116
ml\muffled_training\generated\muffled_distress\asvp_cea8dccc79a0_medium.wav,muffled_distress,1,asvp_asvp_cea8dccc79a0
ml\muffled_training\generated\muffled_distress\scream_0055_extreme.wav,muffled_distress,1,scream_scream_0055
ml\muffled_training\generated\muffled_distress\scream_0117_light.wav,muffled_distress,1,scream_scream_0117
ml\muffled_training\processed\non_distress\nd_000835.wav,non_distress,0,bg
ml\muffled_training\generated\muffled_distress\asvp_53a23ad1b206_light.wav,muffled_distress,1,asvp_asvp_53a23ad1b206
ml\muffled_training\generated\muffled_distress\asvp_29386c1c8c91_extreme.wav,muffled_distress,1,asvp_asvp_29386c1c8c91
ml\muffled_training\generated\muffled_distress\asvp_63b857aab34a_medium.wav,muffled_distress,1,asvp_asvp_63b857aab34a
ml\muffled_training\processed\non_distress\nd_000217.wav,non_distress,0,normal
ml\muffled_training\processed\non_distress\nd_000128.wav,non_distress,0,normal
ml\muffled_training\generated\muffled_distress\asvp_325a84de461c_light.wav,muffled_distress,1,asvp_asvp_325a84de461c
ml\muffled_training\generated\muffled_distress\scream_0017_extreme.wav,muffled_distress,1,scream_scream_0017
ml\muffled_training\generated\muffled_distress\cry_0101_heavy.wav,muffled_distress,1,cry_cry_0101
ml\muffled_training\processed\non_distress\nd_000024.wav,non_distress,0,normal
ml\muffled_training\generated\muffled_distress\cry_0049_light.wav,muffled_distress,1,cry_cry_0049
ml\muffled_training\generated\muffled_distress\cry_0029_orig.wav,muffled_distress,1,cry_cry_0029
ml\muffled_training\generated\muffled_distress\cry_0092_light.wav,muffled_distress,1,cry_cry_0092
ml\muffled_training\processed\non_distress\nd_000474.wav,non_distress,0,noise
ml\muffled_training\processed\non_distress\nd_000746.wav,non_distress,0,bg
ml\muffled_training\generated\muffled_distress\cry_0075_light.wav,muffled_distress,1,cry_cry_0075
ml\muffled_training\processed\non_distress\nd_000485.wav,non_distress,0,noise
ml\muffled_training\processed\non_distress\nd_000781.wav,non_distress,0,bg
ml\muffled_training\generated\muffled_distress\scream_0107_heavy.wav,muffled_distress,1,scream_scream_0107
ml\muffled_training\generated\muffled_distress\cry_0112_heavy.wav,muffled_distress,1,cry_cry_0112
ml\muffled_training\generated\muffled_distress\cry_0070_light.wav,muffled_distress,1,cry_cry_0070
ml\muffled_training\generated\muffled_distress\asvp_456601d8ddae_light.wav,muffled_distress,1,asvp_asvp_456601d8ddae
ml\muffled_training\generated\muffled_distress\scream_0000_medium.wav,muffled_distress,1,scream_scream_0000
ml\muffled_training\processed\non_distress\nd_000690.wav,non_distress,0,noise
ml\muffled_training\generated\muffled_distress\cry_0067_light.wav,muffled_distress,1,cry_cry_0067
ml\muffled_training\generated\muffled_distress\scream_0108_extreme.wav,muffled_distress,1,scream_scream_0108
ml\muffled_training\processed\non_distress\nd_000674.wav,non_distress,0,noise
ml\muffled_training\generated\muffled_distress\asvp_46a96d0c7a65_orig.wav,muffled_distress,1,asvp_asvp_46a96d0c7a65
ml\muffled_training\generated\muffled_distress\cry_0044_extreme.wav,muffled_distress,1,cry_cry_0044
ml\muffled_training\generated\muffled_distress\asvp_53a23ad1b206_extreme.wav,muffled_distress,1,asvp_asvp_53a23ad1b206
ml\muffled_training\generated\muffled_distress\asvp_24f5fc771b67_extreme.wav,muffled_distress,1,asvp_asvp_24f5fc771b67
ml\muffled_training\processed\non_distress\nd_000610.wav,non_distress,0,noise
ml\muffled_training\generated\muffled_distress\asvp_774aecf1a7fa_heavy.wav,muffled_distress,1,asvp_asvp_774aecf1a7fa
ml\muffled_training\generated\muffled_distress\asvp_0834bd71bd0f_extreme.wav,muffled_distress,1,asvp_asvp_0834bd71bd0f
ml\muffled_training\generated\muffled_distress\asvp_e6a7b73e0394_light.wav,muffled_distress,1,asvp_asvp_e6a7b73e0394
ml\muffled_training\processed\non_distress\nd_000560.wav,non_distress,0,noise
ml\muffled_training\generated\muffled_distress\asvp_f8fb0be49e6f_medium.wav,muffled_distress,1,asvp_asvp_f8fb0be49e6f
ml\muffled_training\processed\non_distress\nd_000507.wav,non_distress,0,noise
ml\muffled_training\generated\muffled_distress\asvp_5890b799d920_extreme.wav,muffled_distress,1,asvp_asvp_5890b799d920
ml\muffled_training\generated\muffled_distress\scream_0077_light.wav,muffled_distress,1,scream_scream_0077
ml\muffled_training\generated\muffled_distress\asvp_45ac13c46941_orig.wav,muffled_distress,1,asvp_asvp_45ac13c46941
ml\muffled_training\generated\muffled_distress\asvp_774aecf1a7fa_extreme.wav,muffled_distress,1,asvp_asvp_774aecf1a7fa
ml\muffled_training\generated\muffled_distress\scream_0106_light.wav,muffled_distress,1,scream_scream_0106
ml\muffled_training\generated\muffled_distress\asvp_57dd178db73a_medium.wav,muffled_distress,1,asvp_asvp_57dd178db73a
ml\muffled_training\generated\muffled_distress\scream_0060_medium.wav,muffled_distress,1,scream_scream_0060
ml\muffled_training\processed\non_distress\nd_000142.wav,non_distress,0,normal
ml\muffled_training\generated\muffled_distress\asvp_01d1ac1dc44b_light.wav,muffled_distress,1,asvp_asvp_01d1ac1dc44b
ml\muffled_training\processed\non_distress\nd_000177.wav,non_distress,0,normal
ml\muffled_training\generated\muffled_distress\scream_0048_heavy.wav,muffled_distress,1,scream_scream_0048
ml\muffled_training\generated\muffled_distress\asvp_9cac64a5e461_extreme.wav,muffled_distress,1,asvp_asvp_9cac64a5e461
ml\muffled_training\generated\muffled_distress\asvp_8d476f1b979d_extreme.wav,muffled_distress,1,asvp_asvp_8d476f1b979d
ml\muffled_training\generated\muffled_distress\asvp_888f181524c5_heavy.wav,muffled_distress,1,asvp_asvp_888f181524c5
ml\muffled_training\processed\non_distress\nd_000048.wav,non_distress,0,normal
ml\muffled_training\generated\muffled_distress\asvp_882130f0834c_orig.wav,muffled_distress,1,asvp_asvp_882130f0834c
ml\muffled_training\processed\non_distress\nd_000607.wav,non_distress,0,noise
ml\muffled_training\generated\muffled_distress\asvp_a4aa6bd1b699_medium.wav,muffled_distress,1,asvp_asvp_a4aa6bd1b699
ml\muffled_training\processed\non_distress\nd_000367.wav,non_distress,0,help
ml\muffled_training\processed\non_distress\nd_000510.wav,non_distress,0,noise
ml\muffled_training\generated\muffled_distress\asvp_0b47d5c9db36_medium.wav,muffled_distress,1,asvp_asvp_0b47d5c9db36
ml\muffled_training\processed\non_distress\nd_000587.wav,non_distress,0,noise
ml\muffled_training\generated\muffled_distress\asvp_3f7975ee5a04_orig.wav,muffled_distress,1,asvp_asvp_3f7975ee5a04
ml\muffled_training\generated\muffled_distress\scream_0025_heavy.wav,muffled_distress,1,scream_scream_0025
ml\muffled_training\generated\muffled_distress\asvp_4e497d4ee524_orig.wav,muffled_distress,1,asvp_asvp_4e497d4ee524
ml\muffled_training\processed\non_distress\nd_000481.wav,non_distress,0,noise
ml\muffled_training\generated\muffled_distress\asvp_c52aa81e7b34_orig.wav,muffled_distress,1,asvp_asvp_c52aa81e7b34
ml\muffled_training\generated\muffled_distress\cry_0026_orig.wav,muffled_distress,1,cry_cry_0026
ml\muffled_training\processed\non_distress\nd_000530.wav,non_distress,0,noise
ml\muffled_training\generated\muffled_distress\asvp_f8fb0be49e6f_extreme.wav,muffled_distress,1,asvp_asvp_f8fb0be49e6f
ml\muffled_training\generated\muffled_distress\cry_0000_extreme.wav,muffled_distress,1,cry_cry_0000
ml\muffled_training\processed\non_distress\nd_000041.wav,non_distress,0,normal
ml\muffled_training\generated\muffled_distress\asvp_fe6f36706641_orig.wav,muffled_distress,1,asvp_asvp_fe6f36706641
ml\muffled_training\generated\muffled_distress\asvp_9dfc15b14fd5_medium.wav,muffled_distress,1,asvp_asvp_9dfc15b14fd5
ml\muffled_training\generated\muffled_distress\cry_0064_light.wav,muffled_distress,1,cry_cry_0064
ml\muffled_training\generated\muffled_distress\cry_0063_light.wav,muffled_distress,1,cry_cry_0063
ml\muffled_training\generated\muffled_distress\asvp_8da45c03dd8c_extreme.wav,muffled_distress,1,asvp_asvp_8da45c03dd8c
ml\muffled_training\processed\non_distress\nd_000301.wav,non_distress,0,help
ml\muffled_training\generated\muffled_distress\asvp_142026a55215_extreme.wav,muffled_distress,1,asvp_asvp_142026a55215
ml\muffled_training\generated\muffled_distress\scream_0111_medium.wav,muffled_distress,1,scream_scream_0111
ml\muffled_training\generated\muffled_distress\scream_0063_extreme.wav,muffled_distress,1,scream_scream_0063
ml\muffled_training\generated\muffled_distress\cry_0100_extreme.wav,muffled_distress,1,cry_cry_0100
ml\muffled_training\generated\muffled_distress\asvp_42569d78a56c_orig.wav,muffled_distress,1,asvp_asvp_42569d78a56c
ml\muffled_training\generated\muffled_distress\scream_0059_orig.wav,muffled_distress,1,scream_scream_0059
ml\muffled_training\generated\muffled_distress\scream_0050_orig.wav,muffled_distress,1,scream_scream_0050
ml\muffled_training\processed\non_distress\nd_000101.wav,non_distress,0,normal
ml\muffled_training\generated\muffled_distress\cry_0003_extreme.wav,muffled_distress,1,cry_cry_0003
ml\muffled_training\generated\muffled_distress\scream_0104_extreme.wav,muffled_distress,1,scream_scream_0104
ml\muffled_training\generated\muffled_distress\cry_0018_light.wav,muffled_distress,1,cry_cry_0018
ml\muffled_training\processed\non_distress\nd_000829.wav,non_distress,0,bg
ml\muffled_training\generated\muffled_distress\scream_0020_light.wav,muffled_distress,1,scream_scream_0020
ml\muffled_training\generated\muffled_distress\scream_0047_orig.wav,muffled_distress,1,scream_scream_0047
ml\muffled_training\generated\muffled_distress\asvp_4094b91ddc61_heavy.wav,muffled_distress,1,asvp_asvp_4094b91ddc61
ml\muffled_training\generated\muffled_distress\asvp_46daa4cdada3_orig.wav,muffled_distress,1,asvp_asvp_46daa4cdada3
ml\muffled_training\generated\muffled_distress\cry_0103_medium.wav,muffled_distress,1,cry_cry_0103
ml\muffled_training\generated\muffled_distress\asvp_d47125680168_light.wav,muffled_distress,1,asvp_asvp_d47125680168
ml\muffled_training\generated\muffled_distress\asvp_16df456906ff_medium.wav,muffled_distress,1,asvp_asvp_16df456906ff
ml\muffled_training\generated\muffled_distress\asvp_1e140418f0c7_orig.wav,muffled_distress,1,asvp_asvp_1e140418f0c7
ml\muffled_training\generated\muffled_distress\asvp_5ef2fbfeb24b_medium.wav,muffled_distress,1,asvp_asvp_5ef2fbfeb24b
ml\muffled_training\generated\muffled_distress\asvp_46daa4cdada3_medium.wav,muffled_distress,1,asvp_asvp_46daa4cdada3
ml\muffled_training\processed\non_distress\nd_000817.wav,non_distress,0,bg
ml\muffled_training\generated\muffled_distress\scream_0037_heavy.wav,muffled_distress,1,scream_scream_0037
ml\muffled_training\generated\muffled_distress\cry_0080_light.wav,muffled_distress,1,cry_cry_0080
ml\muffled_training\generated\muffled_distress\asvp_28e74957da00_heavy.wav,muffled_distress,1,asvp_asvp_28e74957da00
ml\muffled_training\generated\muffled_distress\asvp_9459e92d2dc6_light.wav,muffled_distress,1,asvp_asvp_9459e92d2dc6
ml\muffled_training\generated\muffled_distress\asvp_e812819abaa0_heavy.wav,muffled_distress,1,asvp_asvp_e812819abaa0
ml\muffled_training\processed\non_distress\nd_000837.wav,non_distress,0,bg
ml\muffled_training\generated\muffled_distress\cry_0086_light.wav,muffled_distress,1,cry_cry_0086
ml\muffled_training\generated\muffled_distress\asvp_9d001cafd159_medium.wav,muffled_distress,1,asvp_asvp_9d001cafd159
ml\muffled_training\generated\muffled_distress\asvp_444a8e31cfd0_heavy.wav,muffled_distress,1,asvp_asvp_444a8e31cfd0
ml\muffled_training\generated\muffled_distress\cry_0004_light.wav,muffled_distress,1,cry_cry_0004
ml\muffled_training\generated\muffled_distress\cry_0012_orig.wav,muffled_distress,1,cry_cry_0012
ml\muffled_training\generated\muffled_distress\asvp_b57d60ee8c3a_heavy.wav,muffled_distress,1,asvp_asvp_b57d60ee8c3a
ml\muffled_training\generated\muffled_distress\cry_0001_extreme.wav,muffled_distress,1,cry_cry_0001
ml\muffled_training\processed\non_distress\nd_000627.wav,non_distress,0,noise
ml\muffled_training\generated\muffled_distress\asvp_4ff6f8201a41_light.wav,muffled_distress,1,asvp_asvp_4ff6f8201a41
ml\muffled_training\generated\muffled_distress\scream_0019_medium.wav,muffled_distress,1,scream_scream_0019
ml\muffled_training\generated\muffled_distress\scream_0084_orig.wav,muffled_distress,1,scream_scream_0084
ml\muffled_training\processed\non_distress\nd_000372.wav,non_distress,0,help
ml\muffled_training\generated\muffled_distress\cry_0023_light.wav,muffled_distress,1,cry_cry_0023
ml\muffled_training\generated\muffled_distress\scream_0031_heavy.wav,muffled_distress,1,scream_scream_0031
ml\muffled_training\generated\muffled_distress\scream_0030_orig.wav,muffled_distress,1,scream_scream_0030
ml\muffled_training\generated\muffled_distress\cry_0025_medium.wav,muffled_distress,1,cry_cry_0025
ml\muffled_training\generated\muffled_distress\scream_0091_medium.wav,muffled_distress,1,scream_scream_0091
ml\muffled_training\generated\muffled_distress\asvp_5f5d2e1439a0_light.wav,muffled_distress,1,asvp_asvp_5f5d2e1439a0
ml\muffled_training\processed\non_distress\nd_000354.wav,non_distress,0,help
ml\muffled_training\generated\muffled_distress\cry_0083_heavy.wav,muffled_distress,1,cry_cry_0083
ml\muffled_training\generated\muffled_distress\asvp_46da8167e6c4_light.wav,muffled_distress,1,asvp_asvp_46da8167e6c4
ml\muffled_training\generated\muffled_distress\asvp_efac366dd167_medium.wav,muffled_distress,1,asvp_asvp_efac366dd167
ml\muffled_training\generated\muffled_distress\scream_0060_heavy.wav,muffled_distress,1,scream_scream_0060
ml\muffled_training\generated\muffled_distress\cry_0094_heavy.wav,muffled_distress,1,cry_cry_0094
ml\muffled_training\generated\muffled_distress\asvp_b288e537c212_medium.wav,muffled_distress,1,asvp_asvp_b288e537c212
ml\muffled_training\generated\muffled_distress\asvp_6df2f1dbbc49_heavy.wav,muffled_distress,1,asvp_asvp_6df2f1dbbc49
ml\muffled_training\generated\muffled_distress\asvp_c2a6c033b49d_light.wav,muffled_distress,1,asvp_asvp_c2a6c033b49d
ml\muffled_training\generated\muffled_distress\cry_0111_orig.wav,muffled_distress,1,cry_cry_0111
ml\muffled_training\generated\muffled_distress\scream_0106_orig.wav,muffled_distress,1,scream_scream_0106
ml\muffled_training\generated\muffled_distress\asvp_ff19d56083cd_heavy.wav,muffled_distress,1,asvp_asvp_ff19d56083cd
ml\muffled_training\processed\non_distress\nd_000053.wav,non_distress,0,normal
ml\muffled_training\processed\non_distress\nd_000554.wav,non_distress,0,noise
ml\muffled_training\generated\muffled_distress\asvp_86be64542eca_medium.wav,muffled_distress,1,asvp_asvp_86be64542eca
ml\muffled_training\generated\muffled_distress\asvp_783659ec1379_extreme.wav,muffled_distress,1,asvp_asvp_783659ec1379
ml\muffled_training\generated\muffled_distress\scream_0061_heavy.wav,muffled_distress,1,scream_scream_0061
ml\muffled_training\processed\non_distress\nd_000062.wav,non_distress,0,normal
ml\muffled_training\generated\muffled_distress\asvp_cea8dccc79a0_heavy.wav,muffled_distress,1,asvp_asvp_cea8dccc79a0
ml\muffled_training\generated\muffled_distress\asvp_3d5ad55a0d2d_extreme.wav,muffled_distress,1,asvp_asvp_3d5ad55a0d2d
ml\muffled_training\generated\muffled_distress\asvp_5890b799d920_heavy.wav,muffled_distress,1,asvp_asvp_5890b799d920
ml\muffled_training\processed\non_distress\nd_000751.wav,non_distress,0,bg
ml\muffled_training\generated\muffled_distress\asvp_14bab6411562_light.wav,muffled_distress,1,asvp_asvp_14bab6411562
ml\muffled_training\generated\muffled_distress\cry_0061_orig.wav,muffled_distress,1,cry_cry_0061
ml\muffled_training\generated\muffled_distress\asvp_d629cb32f85d_orig.wav,muffled_distress,1,asvp_asvp_d629cb32f85d
ml\muffled_training\generated\muffled_distress\asvp_172528480739_light.wav,muffled_distress,1,asvp_asvp_172528480739
ml\muffled_training\processed\non_distress\nd_000543.wav,non_distress,0,noise
ml\muffled_training\generated\muffled_distress\asvp_5de950ccf7ed_orig.wav,muffled_distress,1,asvp_asvp_5de950ccf7ed
ml\muffled_training\generated\muffled_distress\asvp_ab9a5bd652f4_light.wav,muffled_distress,1,asvp_asvp_ab9a5bd652f4
ml\muffled_training\processed\non_distress\nd_000269.wav,non_distress,0,normal
ml\muffled_training\generated\muffled_distress\asvp_90c354e52aea_medium.wav,muffled_distress,1,asvp_asvp_90c354e52aea
ml\muffled_training\generated\muffled_distress\asvp_f7ab681e0d5f_heavy.wav,muffled_distress,1,asvp_asvp_f7ab681e0d5f
ml\muffled_training\processed\non_distress\nd_000574.wav,non_distress,0,noise
ml\muffled_training\generated\muffled_distress\asvp_ca246817d27a_medium.wav,muffled_distress,1,asvp_asvp_ca246817d27a
ml\muffled_training\generated\muffled_distress\cry_0106_extreme.wav,muffled_distress,1,cry_cry_0106
ml\muffled_training\generated\muffled_distress\asvp_212092849f99_orig.wav,muffled_distress,1,asvp_asvp_212092849f99
ml\muffled_training\generated\muffled_distress\asvp_0423374011bc_heavy.wav,muffled_distress,1,asvp_asvp_0423374011bc
ml\muffled_training\processed\non_distress\nd_000137.wav,non_distress,0,normal
ml\muffled_training\processed\non_distress\nd_000433.wav,non_distress,0,noise
ml\muffled_training\generated\muffled_distress\asvp_0b47d5c9db36_extreme.wav,muffled_distress,1,asvp_asvp_0b47d5c9db36
ml\muffled_training\generated\muffled_distress\asvp_cea8dccc79a0_extreme.wav,muffled_distress,1,asvp_asvp_cea8dccc79a0
ml\muffled_training\processed\non_distress\nd_000383.wav,non_distress,0,help
ml\muffled_training\processed\non_distress\nd_000787.wav,non_distress,0,bg
ml\muffled_training\generated\muffled_distress\cry_0012_medium.wav,muffled_distress,1,cry_cry_0012
ml\muffled_training\generated\muffled_distress\asvp_9f990a579304_light.wav,muffled_distress,1,asvp_asvp_9f990a579304
ml\muffled_training\processed\non_distress\nd_000173.wav,non_distress,0,normal
ml\muffled_training\generated\muffled_distress\cry_0095_extreme.wav,muffled_distress,1,cry_cry_0095
ml\muffled_training\generated\muffled_distress\cry_0015_orig.wav,muffled_distress,1,cry_cry_0015
ml\muffled_training\processed\non_distress\nd_000195.wav,non_distress,0,normal
ml\muffled_training\generated\muffled_distress\asvp_d2fc641f6235_medium.wav,muffled_distress,1,asvp_asvp_d2fc641f6235
ml\muffled_training\generated\muffled_distress\scream_0050_extreme.wav,muffled_distress,1,scream_scream_0050
ml\muffled_training\generated\muffled_distress\asvp_a8ac52d2687a_extreme.wav,muffled_distress,1,asvp_asvp_a8ac52d2687a
ml\muffled_training\generated\muffled_distress\cry_0047_medium.wav,muffled_distress,1,cry_cry_0047
ml\muffled_training\generated\muffled_distress\asvp_d258bb6f2056_orig.wav,muffled_distress,1,asvp_asvp_d258bb6f2056
ml\muffled_training\processed\non_distress\nd_000277.wav,non_distress,0,normal
ml\muffled_training\processed\non_distress\nd_000215.wav,non_distress,0,normal
ml\muffled_training\generated\muffled_distress\asvp_325a84de461c_medium.wav,muffled_distress,1,asvp_asvp_325a84de461c
ml\muffled_training\processed\non_distress\nd_000652.wav,non_distress,0,noise
ml\muffled_training\generated\muffled_distress\scream_0027_heavy.wav,muffled_distress,1,scream_scream_0027
ml\muffled_training\generated\muffled_distress\asvp_ca308bed6c3c_heavy.wav,muffled_distress,1,asvp_asvp_ca308bed6c3c
ml\muffled_training\generated\muffled_distress\cry_0081_orig.wav,muffled_distress,1,cry_cry_0081
ml\muffled_training\processed\non_distress\nd_000424.wav,non_distress,0,noise
ml\muffled_training\generated\muffled_distress\asvp_b22d7819ec53_orig.wav,muffled_distress,1,asvp_asvp_b22d7819ec53
ml\muffled_training\generated\muffled_distress\cry_0076_medium.wav,muffled_distress,1,cry_cry_0076
ml\muffled_training\generated\muffled_distress\asvp_ae99b8091705_orig.wav,muffled_distress,1,asvp_asvp_ae99b8091705
ml\muffled_training\generated\muffled_distress\cry_0077_heavy.wav,muffled_distress,1,cry_cry_0077
ml\muffled_training\generated\muffled_distress\asvp_9cac64a5e461_light.wav,muffled_distress,1,asvp_asvp_9cac64a5e461
ml\muffled_training\generated\muffled_distress\asvp_6065e1775637_light.wav,muffled_distress,1,asvp_asvp_6065e1775637
ml\muffled_training\generated\muffled_distress\cry_0107_heavy.wav,muffled_distress,1,cry_cry_0107
ml\muffled_training\processed\non_distress\nd_000617.wav,non_distress,0,noise
ml\muffled_training\processed\non_distress\nd_000312.wav,non_distress,0,help
ml\muffled_training\generated\muffled_distress\asvp_34b754b7d572_heavy.wav,muffled_distress,1,asvp_asvp_34b754b7d572
ml\muffled_training\processed\non_distress\nd_000385.wav,non_distress,0,help
ml\muffled_training\generated\muffled_distress\asvp_71354cd01bff_light.wav,muffled_distress,1,asvp_asvp_71354cd01bff
ml\muffled_training\generated\muffled_distress\asvp_7add25370aa0_medium.wav,muffled_distress,1,asvp_asvp_7add25370aa0
ml\muffled_training\generated\muffled_distress\cry_0037_medium.wav,muffled_distress,1,cry_cry_0037
ml\muffled_training\processed\non_distress\nd_000158.wav,non_distress,0,normal
ml\muffled_training\processed\non_distress\nd_000411.wav,non_distress,0,help
ml\muffled_training\generated\muffled_distress\asvp_62cddd63f8df_light.wav,muffled_distress,1,asvp_asvp_62cddd63f8df
ml\muffled_training\generated\muffled_distress\cry_0052_extreme.wav,muffled_distress,1,cry_cry_0052
ml\muffled_training\generated\muffled_distress\cry_0007_orig.wav,muffled_distress,1,cry_cry_0007
ml\muffled_training\generated\muffled_distress\asvp_f8fb0be49e6f_heavy.wav,muffled_distress,1,asvp_asvp_f8fb0be49e6f
ml\muffled_training\generated\muffled_distress\asvp_ce720b249226_light.wav,muffled_distress,1,asvp_asvp_ce720b249226
ml\muffled_training\processed\non_distress\nd_000722.wav,non_distress,0,bg
ml\muffled_training\processed\non_distress\nd_000725.wav,non_distress,0,bg
ml\muffled_training\generated\muffled_distress\asvp_1e140418f0c7_heavy.wav,muffled_distress,1,asvp_asvp_1e140418f0c7
ml\muffled_training\generated\muffled_distress\scream_0115_extreme.wav,muffled_distress,1,scream_scream_0115
ml\muffled_training\processed\non_distress\nd_000397.wav,non_distress,0,help
ml\muffled_training\processed\non_distress\nd_000503.wav,non_distress,0,noise
ml\muffled_training\generated\muffled_distress\cry_0063_medium.wav,muffled_distress,1,cry_cry_0063
ml\muffled_training\processed\non_distress\nd_000254.wav,non_distress,0,normal
ml\muffled_training\processed\non_distress\nd_000531.wav,non_distress,0,noise
ml\muffled_training\generated\muffled_distress\cry_0055_medium.wav,muffled_distress,1,cry_cry_0055
ml\muffled_training\generated\muffled_distress\asvp_3e02acebf29a_orig.wav,muffled_distress,1,asvp_asvp_3e02acebf29a
ml\muffled_training\generated\muffled_distress\scream_0100_medium.wav,muffled_distress,1,scream_scream_0100
ml\muffled_training\generated\muffled_distress\asvp_ca308bed6c3c_medium.wav,muffled_distress,1,asvp_asvp_ca308bed6c3c
ml\muffled_training\generated\muffled_distress\asvp_9d40a915ca1e_light.wav,muffled_distress,1,asvp_asvp_9d40a915ca1e
ml\muffled_training\processed\non_distress\nd_000460.wav,non_distress,0,noise
ml\muffled_training\processed\non_distress\nd_000350.wav,non_distress,0,help
ml\muffled_training\generated\muffled_distress\scream_0023_light.wav,muffled_distress,1,scream_scream_0023
ml\muffled_training\generated\muffled_distress\cry_0099_heavy.wav,muffled_distress,1,cry_cry_0099
ml\muffled_training\generated\muffled_distress\asvp_de13e2b65089_medium.wav,muffled_distress,1,asvp_asvp_de13e2b65089
ml\muffled_training\processed\non_distress\nd_000756.wav,non_distress,0,bg
ml\muffled_training\generated\muffled_distress\scream_0017_orig.wav,muffled_distress,1,scream_scream_0017
ml\muffled_training\generated\muffled_distress\asvp_e9510404e48b_orig.wav,muffled_distress,1,asvp_asvp_e9510404e48b
ml\muffled_training\processed\non_distress\nd_000462.wav,non_distress,0,noise
ml\muffled_training\generated\muffled_distress\cry_0025_heavy.wav,muffled_distress,1,cry_cry_0025
ml\muffled_training\generated\muffled_distress\asvp_efac366dd167_light.wav,muffled_distress,1,asvp_asvp_efac366dd167
ml\muffled_training\processed\non_distress\nd_000601.wav,non_distress,0,noise
ml\muffled_training\generated\muffled_distress\cry_0084_heavy.wav,muffled_distress,1,cry_cry_0084
ml\muffled_training\generated\muffled_distress\asvp_32abd0d1e8e8_light.wav,muffled_distress,1,asvp_asvp_32abd0d1e8e8
ml\muffled_training\generated\muffled_distress\asvp_64f6907c388c_medium.wav,muffled_distress,1,asvp_asvp_64f6907c388c
ml\muffled_training\generated\muffled_distress\cry_0035_extreme.wav,muffled_distress,1,cry_cry_0035
ml\muffled_training\generated\muffled_distress\asvp_608fd7353d05_orig.wav,muffled_distress,1,asvp_asvp_608fd7353d05
ml\muffled_training\generated\muffled_distress\asvp_0834bd71bd0f_medium.wav,muffled_distress,1,asvp_asvp_0834bd71bd0f
ml\muffled_training\generated\muffled_distress\cry_0074_light.wav,muffled_distress,1,cry_cry_0074
ml\muffled_training\generated\muffled_distress\scream_0010_extreme.wav,muffled_distress,1,scream_scream_0010
ml\muffled_training\generated\muffled_distress\asvp_42569d78a56c_heavy.wav,muffled_distress,1,asvp_asvp_42569d78a56c
ml\muffled_training\generated\muffled_distress\cry_0060_heavy.wav,muffled_distress,1,cry_cry_0060
ml\muffled_training\generated\muffled_distress\scream_0101_orig.wav,muffled_distress,1,scream_scream_0101
ml\muffled_training\generated\muffled_distress\asvp_eba49bc929ff_extreme.wav,muffled_distress,1,asvp_asvp_eba49bc929ff
ml\muffled_training\generated\muffled_distress\cry_0111_medium.wav,muffled_distress,1,cry_cry_0111
ml\muffled_training\generated\muffled_distress\scream_0098_orig.wav,muffled_distress,1,scream_scream_0098
ml\muffled_training\generated\muffled_distress\asvp_16df456906ff_light.wav,muffled_distress,1,asvp_asvp_16df456906ff
ml\muffled_training\generated\muffled_distress\cry_0105_heavy.wav,muffled_distress,1,cry_cry_0105
ml\muffled_training\generated\muffled_distress\asvp_64bb5c23ce49_heavy.wav,muffled_distress,1,asvp_asvp_64bb5c23ce49
ml\muffled_training\generated\muffled_distress\cry_0016_light.wav,muffled_distress,1,cry_cry_0016
ml\muffled_training\generated\muffled_distress\cry_0012_light.wav,muffled_distress,1,cry_cry_0012
ml\muffled_training\processed\non_distress\nd_000547.wav,non_distress,0,noise
ml\muffled_training\generated\muffled_distress\asvp_dfbc8c7091f0_heavy.wav,muffled_distress,1,asvp_asvp_dfbc8c7091f0
ml\muffled_training\generated\muffled_distress\asvp_1aed15018909_heavy.wav,muffled_distress,1,asvp_asvp_1aed15018909
ml\muffled_training\generated\muffled_distress\cry_0036_medium.wav,muffled_distress,1,cry_cry_0036
ml\muffled_training\processed\non_distress\nd_000230.wav,non_distress,0,normal
ml\muffled_training\processed\non_distress\nd_000124.wav,non_distress,0,normal
ml\muffled_training\generated\muffled_distress\scream_0048_medium.wav,muffled_distress,1,scream_scream_0048
ml\muffled_training\generated\muffled_distress\asvp_9f9c7c1dfd1f_heavy.wav,muffled_distress,1,asvp_asvp_9f9c7c1dfd1f
ml\muffled_training\generated\muffled_distress\asvp_80b64f205e1b_medium.wav,muffled_distress,1,asvp_asvp_80b64f205e1b
ml\muffled_training\generated\muffled_distress\asvp_e40c3bc97149_heavy.wav,muffled_distress,1,asvp_asvp_e40c3bc97149
ml\muffled_training\processed\non_distress\nd_000187.wav,non_distress,0,normal
ml\muffled_training\generated\muffled_distress\cry_0009_orig.wav,muffled_distress,1,cry_cry_0009
ml\muffled_training\processed\non_distress\nd_000406.wav,non_distress,0,help
ml\muffled_training\processed\non_distress\nd_000202.wav,non_distress,0,normal
ml\muffled_training\generated\muffled_distress\asvp_ec58d6bba7a2_light.wav,muffled_distress,1,asvp_asvp_ec58d6bba7a2
ml\muffled_training\generated\muffled_distress\asvp_f4f80800ff70_heavy.wav,muffled_distress,1,asvp_asvp_f4f80800ff70
ml\muffled_training\processed\non_distress\nd_000143.wav,non_distress,0,normal
ml\muffled_training\generated\muffled_distress\scream_0021_light.wav,muffled_distress,1,scream_scream_0021
ml\muffled_training\generated\muffled_distress\cry_0065_extreme.wav,muffled_distress,1,cry_cry_0065
ml\muffled_training\generated\muffled_distress\asvp_63b857aab34a_heavy.wav,muffled_distress,1,asvp_asvp_63b857aab34a
ml\muffled_training\generated\muffled_distress\cry_0101_orig.wav,muffled_distress,1,cry_cry_0101
ml\muffled_training\processed\non_distress\nd_000591.wav,non_distress,0,noise
ml\muffled_training\processed\non_distress\nd_000640.wav,non_distress,0,noise
ml\muffled_training\generated\muffled_distress\scream_0084_extreme.wav,muffled_distress,1,scream_scream_0084
ml\muffled_training\generated\muffled_distress\scream_0091_heavy.wav,muffled_distress,1,scream_scream_0091
ml\muffled_training\generated\muffled_distress\asvp_bcdf3f6cc648_extreme.wav,muffled_distress,1,asvp_asvp_bcdf3f6cc648
ml\muffled_training\processed\non_distress\nd_000638.wav,non_distress,0,noise
ml\muffled_training\generated\muffled_distress\asvp_f06085184c07_medium.wav,muffled_distress,1,asvp_asvp_f06085184c07
ml\muffled_training\processed\non_distress\nd_000120.wav,non_distress,0,normal
ml\muffled_training\generated\muffled_distress\scream_0111_orig.wav,muffled_distress,1,scream_scream_0111
ml\muffled_training\generated\muffled_distress\asvp_2c257f62c4ca_orig.wav,muffled_distress,1,asvp_asvp_2c257f62c4ca
ml\muffled_training\generated\muffled_distress\asvp_5b49430aa383_extreme.wav,muffled_distress,1,asvp_asvp_5b49430aa383
ml\muffled_training\generated\muffled_distress\cry_0116_light.wav,muffled_distress,1,cry_cry_0116
ml\muffled_training\generated\muffled_distress\asvp_81cb2598eb78_orig.wav,muffled_distress,1,asvp_asvp_81cb2598eb78
ml\muffled_training\generated\muffled_distress\cry_0014_light.wav,muffled_distress,1,cry_cry_0014
ml\muffled_training\generated\muffled_distress\asvp_608fd7353d05_medium.wav,muffled_distress,1,asvp_asvp_608fd7353d05
ml\muffled_training\generated\muffled_distress\scream_0031_medium.wav,muffled_distress,1,scream_scream_0031
ml\muffled_training\generated\muffled_distress\cry_0074_orig.wav,muffled_distress,1,cry_cry_0074
ml\muffled_training\generated\muffled_distress\scream_0114_medium.wav,muffled_distress,1,scream_scream_0114
ml\muffled_training\generated\muffled_distress\cry_0086_extreme.wav,muffled_distress,1,cry_cry_0086
ml\muffled_training\generated\muffled_distress\cry_0095_light.wav,muffled_distress,1,cry_cry_0095
ml\muffled_training\generated\muffled_distress\cry_0040_light.wav,muffled_distress,1,cry_cry_0040
ml\muffled_training\generated\muffled_distress\asvp_c2a6c033b49d_extreme.wav,muffled_distress,1,asvp_asvp_c2a6c033b49d
ml\muffled_training\generated\muffled_distress\cry_0116_extreme.wav,muffled_distress,1,cry_cry_0116
ml\muffled_training\generated\muffled_distress\asvp_cc51eba53500_orig.wav,muffled_distress,1,asvp_asvp_cc51eba53500
ml\muffled_training\generated\muffled_distress\scream_0081_light.wav,muffled_distress,1,scream_scream_0081
ml\muffled_training\generated\muffled_distress\asvp_64f6907c388c_orig.wav,muffled_distress,1,asvp_asvp_64f6907c388c
ml\muffled_training\generated\muffled_distress\asvp_47926862d6ba_light.wav,muffled_distress,1,asvp_asvp_47926862d6ba
ml\muffled_training\generated\muffled_distress\cry_0078_orig.wav,muffled_distress,1,cry_cry_0078
ml\muffled_training\generated\muffled_distress\asvp_466653fa72e9_extreme.wav,muffled_distress,1,asvp_asvp_466653fa72e9
ml\muffled_training\generated\muffled_distress\scream_0082_extreme.wav,muffled_distress,1,scream_scream_0082
ml\muffled_training\generated\muffled_distress\scream_0108_orig.wav,muffled_distress,1,scream_scream_0108
ml\muffled_training\generated\muffled_distress\cry_0034_light.wav,muffled_distress,1,cry_cry_0034
ml\muffled_training\generated\muffled_distress\scream_0032_medium.wav,muffled_distress,1,scream_scream_0032
ml\muffled_training\generated\muffled_distress\asvp_070280073624_light.wav,muffled_distress,1,asvp_asvp_070280073624
ml\muffled_training\generated\muffled_distress\scream_0031_light.wav,muffled_distress,1,scream_scream_0031
ml\muffled_training\generated\muffled_distress\asvp_d64df450d4c6_medium.wav,muffled_distress,1,asvp_asvp_d64df450d4c6
ml\muffled_training\generated\muffled_distress\asvp_688703a6996a_heavy.wav,muffled_distress,1,asvp_asvp_688703a6996a
ml\muffled_training\processed\non_distress\nd_000619.wav,non_distress,0,noise
ml\muffled_training\processed\non_distress\nd_000091.wav,non_distress,0,normal
ml\muffled_training\processed\non_distress\nd_000163.wav,non_distress,0,normal
ml\muffled_training\generated\muffled_distress\cry_0097_orig.wav,muffled_distress,1,cry_cry_0097
ml\muffled_training\processed\non_distress\nd_000407.wav,non_distress,0,help
ml\muffled_training\generated\muffled_distress\asvp_ca308bed6c3c_extreme.wav,muffled_distress,1,asvp_asvp_ca308bed6c3c
ml\muffled_training\processed\non_distress\nd_000432.wav,non_distress,0,noise
ml\muffled_training\generated\muffled_distress\scream_0029_extreme.wav,muffled_distress,1,scream_scream_0029
ml\muffled_training\processed\non_distress\nd_000745.wav,non_distress,0,bg
ml\muffled_training\processed\non_distress\nd_000381.wav,non_distress,0,help
ml\muffled_training\generated\muffled_distress\asvp_24f5fc771b67_light.wav,muffled_distress,1,asvp_asvp_24f5fc771b67
ml\muffled_training\generated\muffled_distress\cry_0062_orig.wav,muffled_distress,1,cry_cry_0062
ml\muffled_training\generated\muffled_distress\cry_0108_light.wav,muffled_distress,1,cry_cry_0108
ml\muffled_training\processed\non_distress\nd_000769.wav,non_distress,0,bg
ml\muffled_training\generated\muffled_distress\scream_0004_heavy.wav,muffled_distress,1,scream_scream_0004
ml\muffled_training\generated\muffled_distress\asvp_7ff5622f9e72_heavy.wav,muffled_distress,1,asvp_asvp_7ff5622f9e72
ml\muffled_training\generated\muffled_distress\asvp_257c90e9bb75_medium.wav,muffled_distress,1,asvp_asvp_257c90e9bb75
ml\muffled_training\generated\muffled_distress\cry_0038_medium.wav,muffled_distress,1,cry_cry_0038
ml\muffled_training\generated\muffled_distress\cry_0078_medium.wav,muffled_distress,1,cry_cry_0078
ml\muffled_training\processed\non_distress\nd_000117.wav,non_distress,0,normal
ml\muffled_training\generated\muffled_distress\asvp_0083b8a24299_extreme.wav,muffled_distress,1,asvp_asvp_0083b8a24299
ml\muffled_training\generated\muffled_distress\scream_0001_medium.wav,muffled_distress,1,scream_scream_0001
ml\muffled_training\generated\muffled_distress\cry_0031_orig.wav,muffled_distress,1,cry_cry_0031
ml\muffled_training\generated\muffled_distress\asvp_46da8167e6c4_extreme.wav,muffled_distress,1,asvp_asvp_46da8167e6c4
ml\muffled_training\generated\muffled_distress\asvp_e6586da044fc_extreme.wav,muffled_distress,1,asvp_asvp_e6586da044fc
ml\muffled_training\processed\non_distress\nd_000057.wav,non_distress,0,normal
ml\muffled_training\processed\non_distress\nd_000710.wav,non_distress,0,noise
ml\muffled_training\generated\muffled_distress\asvp_3cb19f97320b_orig.wav,muffled_distress,1,asvp_asvp_3cb19f97320b
ml\muffled_training\processed\non_distress\nd_000063.wav,non_distress,0,normal
ml\muffled_training\generated\muffled_distress\asvp_16df456906ff_orig.wav,muffled_distress,1,asvp_asvp_16df456906ff
ml\muffled_training\generated\muffled_distress\scream_0030_heavy.wav,muffled_distress,1,scream_scream_0030
ml\muffled_training\generated\muffled_distress\cry_0028_orig.wav,muffled_distress,1,cry_cry_0028
ml\muffled_training\generated\muffled_distress\scream_0085_orig.wav,muffled_distress,1,scream_scream_0085
ml\muffled_training\generated\muffled_distress\cry_0105_extreme.wav,muffled_distress,1,cry_cry_0105
ml\muffled_training\processed\non_distress\nd_000320.wav,non_distress,0,help
ml\muffled_training\generated\muffled_distress\asvp_ea298fb46eee_orig.wav,muffled_distress,1,asvp_asvp_ea298fb46eee
ml\muffled_training\generated\muffled_distress\asvp_6a10550dbb7c_heavy.wav,muffled_distress,1,asvp_asvp_6a10550dbb7c
ml\muffled_training\generated\muffled_distress\asvp_433c93fcc314_heavy.wav,muffled_distress,1,asvp_asvp_433c93fcc314
ml\muffled_training\generated\muffled_distress\asvp_e40c3bc97149_orig.wav,muffled_distress,1,asvp_asvp_e40c3bc97149
ml\muffled_training\generated\muffled_distress\asvp_edb786e14f7a_orig.wav,muffled_distress,1,asvp_asvp_edb786e14f7a
ml\muffled_training\processed\non_distress\nd_000243.wav,non_distress,0,normal
ml\muffled_training\generated\muffled_distress\asvp_f68032c3af25_orig.wav,muffled_distress,1,asvp_asvp_f68032c3af25
ml\muffled_training\generated\muffled_distress\cry_0085_orig.wav,muffled_distress,1,cry_cry_0085
ml\muffled_training\generated\muffled_distress\asvp_3e02acebf29a_heavy.wav,muffled_distress,1,asvp_asvp_3e02acebf29a
ml\muffled_training\generated\muffled_distress\scream_0094_heavy.wav,muffled_distress,1,scream_scream_0094
ml\muffled_training\processed\non_distress\nd_000836.wav,non_distress,0,bg
ml\muffled_training\generated\muffled_distress\scream_0059_medium.wav,muffled_distress,1,scream_scream_0059
ml\muffled_training\generated\muffled_distress\asvp_7aeb663ab445_heavy.wav,muffled_distress,1,asvp_asvp_7aeb663ab445
ml\muffled_training\processed\non_distress\nd_000059.wav,non_distress,0,normal
ml\muffled_training\processed\non_distress\nd_000214.wav,non_distress,0,normal
ml\muffled_training\generated\muffled_distress\scream_0005_orig.wav,muffled_distress,1,scream_scream_0005
ml\muffled_training\processed\non_distress\nd_000318.wav,non_distress,0,help
ml\muffled_training\generated\muffled_distress\asvp_783659ec1379_medium.wav,muffled_distress,1,asvp_asvp_783659ec1379
